date,ts,open,high,low,close,volume
2023-01-01,1672531200000,16541.77,16628.0,16499.01,16616.75,96925.41374
2023-01-02,1672617600000,16617.17,16799.23,16548.7,16672.87,121888.57191
2023-01-03,1672704000000,16672.78,16778.4,16605.28,16675.18,159541.53733
2023-01-04,1672790400000,16675.65,16991.87,16652.66,16850.36,220362.18862
2023-01-05,1672876800000,16850.36,16879.82,16753.0,16831.85,163473.56641
2023-01-06,1672963200000,16831.85,17041.0,16679.0,16950.65,207401.28415
2023-01-07,1673049600000,16950.31,16981.91,16908.0,16943.57,104526.5688
2023-01-08,1673136000000,16943.83,17176.99,16911.0,17127.83,135155.89695
2023-01-09,1673222400000,17127.83,17398.8,17104.66,17178.26,266211.52723
2023-01-10,1673308800000,17179.04,17499.0,17146.34,17440.66,221382.42581
2023-01-11,1673395200000,17440.64,18000.0,17315.6,17943.26,262221.60653
2023-01-12,1673481600000,17943.26,19117.04,17892.05,18846.62,454568.32178
2023-01-13,1673568000000,18846.62,20000.0,18714.12,19930.01,368615.87823
2023-01-14,1673654400000,19930.01,21258.0,19888.05,20954.92,393913.74951
2023-01-15,1673740800000,20952.76,21050.74,20551.01,20871.5,178542.22549
2023-01-16,1673827200000,20872.99,21474.05,20611.48,21185.65,293078.08262
2023-01-17,1673913600000,21185.65,21647.45,20841.31,21134.81,275407.74409
2023-01-18,1674000000000,21132.29,21650.0,20407.15,20677.47,350916.01949
2023-01-19,1674086400000,20677.47,21192.0,20659.19,21071.59,251385.84925
2023-01-20,1674172800000,21071.59,22755.93,20861.28,22667.21,338079.13659
2023-01-21,1674259200000,22666.0,23371.8,22422.0,22783.55,346445.48432
2023-01-22,1674345600000,22783.35,23078.71,22292.37,22707.88,253577.75286
2023-01-23,1674432000000,22706.02,23180.0,22500.0,22916.45,293588.37938
2023-01-24,1674518400000,22917.81,23162.2,22462.93,22632.89,293158.78254
2023-01-25,1674604800000,22631.94,23816.73,22300.0,23060.94,346042.83223
2023-01-26,1674691200000,23060.42,23282.47,22850.01,23009.65,288924.43581
2023-01-27,1674777600000,23009.65,23500.0,22534.88,23074.16,280833.86315
2023-01-28,1674864000000,23074.16,23189.0,22878.46,23022.6,148115.71085
2023-01-29,1674950400000,23021.4,23960.54,22967.76,23742.3,295688.79204
2023-01-30,1675036800000,23743.37,23800.51,22500.0,22826.15,302405.90121
2023-01-31,1675123200000,22827.38,23320.0,22714.77,23125.13,264649.34909
2023-02-01,1675209600000,23125.13,23812.66,22760.23,23732.66,310790.42271
2023-02-02,1675296000000,23731.41,24255.0,23363.27,23488.94,364177.20751
2023-02-03,1675382400000,23489.33,23715.7,23204.62,23431.9,332571.02904
2023-02-04,1675468800000,23431.9,23587.78,23253.96,23326.84,166126.47295
2023-02-05,1675555200000,23327.66,23433.33,22743.0,22932.91,209251.33917
2023-02-06,1675641600000,22932.91,23158.25,22628.13,22762.52,265371.6069
2023-02-07,1675728000000,22762.52,23350.25,22745.78,23240.46,308006.72482
2023-02-08,1675814400000,23242.42,23452.0,22665.85,22963.0,280056.30717
2023-02-09,1675900800000,22961.85,23011.39,21688.0,21796.35,402894.6955
2023-02-10,1675987200000,21797.83,21938.16,21451.0,21625.19,338591.94247
2023-02-11,1676073600000,21625.19,21906.32,21599.78,21862.55,177021.58433
2023-02-12,1676160000000,21862.02,22090.0,21630.0,21783.54,204435.65163
2023-02-13,1676246400000,21782.37,21894.99,21351.07,21773.97,295730.76791
2023-02-14,1676332800000,21774.63,22319.08,21532.77,22199.84,361958.40109
2023-02-15,1676419200000,22199.84,24380.0,22047.28,24324.05,375669.16111
2023-02-16,1676505600000,24322.87,25250.0,23505.25,23517.72,450080.68366
2023-02-17,1676592000000,23517.72,25021.11,23339.37,24569.97,496813.21376
2023-02-18,1676678400000,24568.24,24877.0,24430.0,24631.95,216917.25213
2023-02-19,1676764800000,24632.05,25192.0,24192.57,24271.76,300395.99542
2023-02-20,1676851200000,24272.51,25121.23,23840.83,24842.2,346938.56997
2023-02-21,1676937600000,24843.89,25250.0,24148.34,24452.16,376000.82868
2023-02-22,1677024000000,24450.67,24476.05,23574.69,24182.21,379425.75365
2023-02-23,1677110400000,24182.21,24599.59,23608.0,23940.2,398400.45437
2023-02-24,1677196800000,23940.2,24132.35,22841.19,23185.29,343582.57453
2023-02-25,1677283200000,23184.04,23219.13,22722.0,23157.07,191311.8101
2023-02-26,1677369600000,23157.07,23689.99,23059.18,23554.85,202323.73623
2023-02-27,1677456000000,23554.85,23897.99,23106.77,23492.09,283706.0859
2023-02-28,1677542400000,23492.09,23600.0,23020.97,23141.57,264140.99894
2023-03-01,1677628800000,23141.57,24000.0,23020.03,23628.97,315287.41737
2023-03-02,1677715200000,23629.76,23796.93,23195.9,23465.32,239315.45219
2023-03-03,1677801600000,23465.32,23476.95,21971.13,22354.34,319954.19785
2023-03-04,1677888000000,22354.34,22410.0,22157.08,22346.57,121257.38132
2023-03-05,1677974400000,22346.57,22662.09,22189.22,22430.24,154841.75786
2023-03-06,1678060800000,22430.24,22602.19,22258.0,22410.0,203751.82957
2023-03-07,1678147200000,22409.41,22557.91,21927.0,22197.96,292519.80912
2023-03-08,1678233600000,22198.56,22287.0,21580.0,21705.44,301460.57272
2023-03-09,1678320000000,21704.37,21834.99,20042.72,20362.22,443658.28584
2023-03-10,1678406400000,20362.21,20367.78,19549.09,20150.69,618456.4671
2023-03-11,1678492800000,20150.69,20686.51,19765.03,20455.73,427831.82133
2023-03-12,1678579200000,20455.73,22150.0,20270.6,21997.11,430944.94288
2023-03-13,1678665600000,21998.05,24500.0,21813.88,24113.48,687889.31259
2023-03-14,1678752000000,24112.27,26386.87,23976.42,24670.41,699360.93423
2023-03-15,1678838400000,24670.41,25196.97,23896.95,24285.66,581450.72984
2023-03-16,1678924800000,24285.66,25167.4,24123.0,24998.78,439421.32998
2023-03-17,1679011200000,24998.78,27756.84,24890.0,27395.13,624460.68091
2023-03-18,1679097600000,27395.13,27724.85,26578.0,26907.49,371238.97174
2023-03-19,1679184000000,26907.49,28390.1,26827.22,27972.87,372066.99054
2023-03-20,1679270400000,27972.87,28472.0,27124.47,27717.01,477378.23373
2023-03-21,1679356800000,27717.01,28438.55,27303.1,28105.47,420929.7422
2023-03-22,1679443200000,28107.81,28868.05,26601.8,27250.97,224113.41296
2023-03-23,1679529600000,27250.97,28750.0,27105.0,28295.41,128649.60818
2023-03-24,1679616000000,28295.42,28374.3,27000.0,27454.47,86242.06544
2023-03-25,1679702400000,27454.46,27787.33,27156.09,27462.95,50844.08102
2023-03-26,1679788800000,27462.96,28194.4,27417.76,27968.05,49671.70353
2023-03-27,1679875200000,27968.05,28023.86,26508.14,27124.91,88039.46898
2023-03-28,1679961600000,27124.9,27520.0,26631.78,27261.07,78602.44341
2023-03-29,1680048000000,27261.06,28650.0,27240.1,28348.6,89486.16008
2023-03-30,1680134400000,28348.6,29184.68,27686.0,28028.53,98865.43256
2023-03-31,1680220800000,28028.53,28656.69,27511.71,28465.36,78198.12139
2023-04-01,1680307200000,28465.36,28819.71,28220.27,28452.73,30238.44753
2023-04-02,1680393600000,28452.74,28530.0,27856.43,28171.87,37365.65692
2023-04-03,1680480000000,28171.87,28500.99,27200.24,27800.0,79180.01405
2023-04-04,1680566400000,27800.0,28444.44,27662.79,28165.47,49722.55691
2023-04-05,1680652800000,28165.47,28775.0,27805.1,28170.01,60737.64732
2023-04-06,1680739200000,28170.01,28182.05,27711.0,28033.82,40118.94963
2023-04-07,1680825600000,28033.83,28100.0,27766.94,27906.33,24762.09387
2023-04-08,1680912000000,27906.34,28154.99,27859.02,27938.38,19479.96735
2023-04-09,1680998400000,27938.38,28530.0,27800.0,28323.76,32531.16101
2023-04-10,1681084800000,28323.76,29770.0,28170.0,29637.34,67754.0622
2023-04-11,1681171200000,29637.35,30550.0,29590.0,30200.42,67990.07621
2023-04-12,1681257600000,30200.43,30486.0,29637.4,29888.07,62049.48451
2023-04-13,1681344000000,29888.07,30595.0,29854.59,30373.84,51934.11731
2023-04-14,1681430400000,30373.84,31000.0,29966.0,30466.93,75984.19452
2023-04-15,1681516800000,30466.93,30595.6,30202.0,30295.09,25429.81247
2023-04-16,1681603200000,30295.1,30549.99,30120.0,30304.65,26431.99322
2023-04-17,1681689600000,30304.66,30316.06,29240.65,29430.27,56441.81127
2023-04-18,1681776000000,29430.27,30485.0,29096.78,30380.01,62004.89434
2023-04-19,1681862400000,30380.01,30413.53,28520.0,28797.1,86575.48656
2023-04-20,1681948800000,28797.1,29088.3,28010.0,28243.65,76879.09372
2023-04-21,1682035200000,28243.65,28374.02,27125.0,27262.84,77684.7679
2023-04-22,1682121600000,27262.84,27882.72,27140.35,27816.85,36023.69686
2023-04-23,1682208000000,27816.85,27816.85,27311.25,27590.6,34812.09581
2023-04-24,1682294400000,27590.59,28000.0,26942.82,27510.93,53111.56874
2023-04-25,1682380800000,27510.93,28399.99,27192.0,28300.79,52325.14637
2023-04-26,1682467200000,28300.8,30036.0,27235.0,28415.29,129228.40403
2023-04-27,1682553600000,28415.29,29890.0,28378.86,29472.77,95430.82431
2023-04-28,1682640000000,29472.77,29599.54,28891.0,29311.7,54298.16578
2023-04-29,1682726400000,29311.69,29448.88,29031.0,29230.45,20466.83058
2023-04-30,1682812800000,29230.45,29969.39,29079.59,29233.21,39752.5372
2023-05-01,1682899200000,29233.2,29337.34,27666.95,28068.26,64433.65958
2023-05-02,1682985600000,28068.26,28879.88,27872.0,28669.86,50824.5224
2023-05-03,1683072000000,28669.85,29266.66,28113.69,29026.16,64615.79213
2023-05-04,1683158400000,29026.16,29379.83,28663.64,28838.16,42575.47501
2023-05-05,1683244800000,28838.16,29677.0,28800.0,29505.61,58415.83048
2023-05-06,1683331200000,29505.6,29820.0,28300.0,28848.2,49249.28459
2023-05-07,1683417600000,28848.19,29138.29,28395.23,28430.1,30003.41028
2023-05-08,1683504000000,28430.09,28631.01,27262.0,27668.79,68244.36179
2023-05-09,1683590400000,27668.8,27818.0,27353.0,27628.27,40113.31069
2023-05-10,1683676800000,27628.28,28331.42,26777.0,27598.75,71155.11355
2023-05-11,1683763200000,27598.74,27630.14,26702.05,26968.62,47635.31365
2023-05-12,1683849600000,26968.61,27091.12,25811.46,26795.01,67207.93494
2023-05-13,1683936000000,26795.01,27045.45,26692.03,26775.28,22814.90421
2023-05-14,1684022400000,26775.27,27200.0,26560.53,26917.62,21594.8036
2023-05-15,1684108800000,26917.61,27663.59,26726.0,27162.14,40430.08333
2023-05-16,1684195200000,27162.15,27296.89,26852.11,27033.84,33270.45451
2023-05-17,1684281600000,27033.85,27500.0,26544.71,27405.61,42958.97785
2023-05-18,1684368000000,27405.62,27485.33,26361.2,26821.28,49198.65143
2023-05-19,1684454400000,26821.28,27183.6,26630.0,26880.26,28754.13544
2023-05-20,1684540800000,26880.26,27150.0,26825.11,27102.43,14434.54718
2023-05-21,1684627200000,27102.42,27277.55,26666.03,26747.78,21347.87279
2023-05-22,1684713600000,26747.78,27099.89,26538.21,26849.27,26458.83828
2023-05-23,1684800000000,26849.28,27495.83,26798.11,27219.61,38700.83858
2023-05-24,1684886400000,27219.61,27219.61,26080.5,26329.01,54393.0657
2023-05-25,1684972800000,26329.0,26631.98,25871.89,26473.79,37435.44895
2023-05-26,1685059200000,26473.8,26932.16,26327.24,26705.92,35061.18713
2023-05-27,1685145600000,26705.93,26895.0,26551.0,26854.27,15095.6867
2023-05-28,1685232000000,26854.28,28261.32,26764.36,28065.0,43916.00855
2023-05-29,1685318400000,28065.01,28447.14,27524.6,27736.4,42385.41945
2023-05-30,1685404800000,27736.39,28038.59,27554.0,27694.4,32686.75371
2023-05-31,1685491200000,27694.39,27835.51,26839.01,27210.35,46588.80573
2023-06-01,1685577600000,27210.36,27350.0,26605.05,26817.93,39217.8088
2023-06-02,1685664000000,26817.93,27300.0,26505.0,27242.59,36380.90269
2023-06-03,1685750400000,27242.59,27333.29,26914.93,27069.22,16595.34117
2023-06-04,1685836800000,27069.22,27455.02,26951.0,27115.21,19258.41049
2023-06-05,1685923200000,27115.2,27129.33,25388.0,25728.2,65805.60305
2023-06-06,1686009600000,25728.2,27355.33,25351.02,27230.08,68392.60438
2023-06-07,1686096000000,27230.07,27391.77,26125.01,26339.34,59619.44364
2023-06-08,1686182400000,26339.34,26810.0,26210.0,26498.61,31075.51083
2023-06-09,1686268800000,26498.62,26783.33,26269.91,26477.81,27934.7097
2023-06-10,1686355200000,26477.8,26533.87,25358.0,25841.21,64944.60108
2023-06-11,1686441600000,25841.22,26206.88,25634.7,25925.55,30014.29595
2023-06-12,1686528000000,25925.54,26106.48,25602.11,25905.19,29900.50893
2023-06-13,1686614400000,25905.2,26433.21,25712.57,25934.25,41065.60853
2023-06-14,1686700800000,25934.24,26098.0,24820.56,25128.6,45077.31608
2023-06-15,1686787200000,25128.6,25759.01,24800.0,25598.49,48664.86063
2023-06-16,1686873600000,25598.49,26518.0,25175.56,26345.0,51596.91662
2023-06-17,1686960000000,26345.01,26839.99,26181.0,26516.99,27842.2195
2023-06-18,1687046400000,26516.99,26700.0,26255.85,26339.97,21538.31022
2023-06-19,1687132800000,26339.98,27068.09,26256.61,26844.35,35872.65974
2023-06-20,1687219200000,26844.35,28402.74,26652.0,28307.99,69666.95525
2023-06-21,1687305600000,28308.0,30800.0,28257.99,29993.89,108926.40412
2023-06-22,1687392000000,29993.89,30500.0,29525.61,29884.92,59054.5646
2023-06-23,1687478400000,29884.92,31431.94,29800.0,30688.5,73931.89635
2023-06-24,1687564800000,30688.51,30800.0,30250.0,30527.43,30513.30135
2023-06-25,1687651200000,30527.44,31046.01,30277.49,30462.66,30223.44801
2023-06-26,1687737600000,30462.67,30666.0,29930.0,30267.99,45180.41489
2023-06-27,1687824000000,30267.99,30994.97,30226.17,30692.44,42699.64157
2023-06-28,1687910400000,30692.44,30709.74,29858.8,30077.41,40463.51937
2023-06-29,1687996800000,30077.4,30843.98,30049.98,30447.31,36330.62903
2023-06-30,1688083200000,30447.31,31282.0,29500.0,30472.0,89419.07618
2023-07-01,1688169600000,30471.99,30661.6,30320.57,30585.9,17501.75075
2023-07-02,1688256000000,30585.9,30791.0,30155.0,30617.03,23286.41019
2023-07-03,1688342400000,30617.02,31380.0,30570.27,31156.2,43761.64311
2023-07-04,1688428800000,31156.2,31350.69,30620.0,30766.51,33206.11943
2023-07-05,1688515200000,30766.52,30878.07,30200.0,30504.81,33215.67122
2023-07-06,1688601600000,30504.8,31500.0,29850.45,29895.43,71319.6261
2023-07-07,1688688000000,29895.42,30449.0,29701.02,30344.7,34070.53895
2023-07-08,1688774400000,30344.7,30386.81,30044.47,30284.63,13094.59042
2023-07-09,1688860800000,30284.63,30445.52,30061.12,30160.71,15388.50196
2023-07-10,1688947200000,30160.71,31045.78,29950.0,30411.57,41262.87652
2023-07-11,1689033600000,30411.57,30813.63,30300.0,30622.1,28476.83311
2023-07-12,1689120000000,30622.1,30983.25,30210.0,30380.0,38108.99669
2023-07-13,1689206400000,30380.0,31804.2,30251.0,31454.23,70772.51836
2023-07-14,1689292800000,31454.23,31630.0,29900.0,30312.01,60749.48424
2023-07-15,1689379200000,30312.0,30390.9,30200.0,30289.52,14118.55329
2023-07-16,1689465600000,30289.52,30441.46,30064.29,30231.99,15760.1281
2023-07-17,1689552000000,30232.0,30336.96,29659.2,30138.0,30882.76839
2023-07-18,1689638400000,30138.01,30239.78,29512.0,29859.13,30003.8601
2023-07-19,1689724800000,29859.14,30189.09,29761.96,29909.21,25657.36137
2023-07-20,1689811200000,29909.21,30417.46,29570.96,29800.0,37540.68193
2023-07-21,1689897600000,29800.0,30061.7,29726.34,29901.72,23881.40865
2023-07-22,1689984000000,29901.72,29999.0,29625.1,29794.0,14660.40467
2023-07-23,1690070400000,29793.99,30350.0,29730.0,30083.75,18292.78637
2023-07-24,1690156800000,30083.75,30099.58,28861.9,29176.5,39628.99691
2023-07-25,1690243200000,29176.5,29376.0,29047.65,29228.91,21565.7478
2023-07-26,1690329600000,29228.91,29690.0,29096.94,29351.96,33931.63366
2023-07-27,1690416000000,29351.95,29567.49,29083.85,29222.78,22476.47626
2023-07-28,1690502400000,29222.78,29542.22,29123.12,29314.14,23993.61627
2023-07-29,1690588800000,29314.14,29406.92,29256.18,29352.9,10851.36844
2023-07-30,1690675200000,29352.9,29449.0,29033.24,29281.09,15706.97441
2023-07-31,1690761600000,29281.09,29530.0,29101.8,29232.25,22605.48964
2023-08-01,1690848000000,29232.26,29739.25,28585.7,29705.99,44719.65162
2023-08-02,1690934400000,29705.99,30047.5,28927.5,29186.01,48181.65141
2023-08-03,1691020800000,29186.0,29433.33,28968.0,29193.64,26476.91994
2023-08-04,1691107200000,29193.65,29333.08,28807.54,29113.99,23551.95217
2023-08-05,1691193600000,29114.0,29152.23,28978.64,29072.13,11645.52018
2023-08-06,1691280000000,29072.13,29205.09,28991.88,29088.42,13178.1972
2023-08-07,1691366400000,29088.43,29276.78,28701.03,29211.06,30966.87746
2023-08-08,1691452800000,29211.06,30244.0,29146.45,29770.42,45700.53392
2023-08-09,1691539200000,29770.41,30160.0,29376.67,29581.99,38003.88725
2023-08-10,1691625600000,29581.99,29738.0,29320.2,29455.75,23463.45373
2023-08-11,1691712000000,29455.76,29564.52,29252.45,29426.03,20637.0443
2023-08-12,1691798400000,29426.02,29481.35,29381.56,29430.17,8971.48068
2023-08-13,1691884800000,29430.18,29474.65,29272.32,29303.84,11101.70947
2023-08-14,1691971200000,29303.85,29695.32,29102.45,29430.93,31443.11532
2023-08-15,1692057600000,29430.92,29499.26,29059.6,29200.0,27503.87691
2023-08-16,1692144000000,29200.01,29259.85,28723.08,28730.51,32996.69854
2023-08-17,1692230400000,28730.51,28783.48,25166.0,26623.41,100271.54033
2023-08-18,1692316800000,26623.41,26832.6,25619.0,26054.0,69790.65711
2023-08-19,1692403200000,26054.0,26281.0,25801.09,26100.01,26160.75343
2023-08-20,1692489600000,26100.01,26299.0,25971.05,26189.99,19056.91209
2023-08-21,1692576000000,26190.0,26258.42,25812.0,26126.92,30267.24233
2023-08-22,1692662400000,26126.92,26139.42,25300.0,26056.0,34247.06688
2023-08-23,1692748800000,26055.99,26819.27,25812.82,26432.72,44023.69978
2023-08-24,1692835200000,26432.71,26577.87,25864.0,26180.05,30205.22116
2023-08-25,1692921600000,26180.05,26314.05,25777.15,26060.01,27753.33772
2023-08-26,1693008000000,26060.0,26125.77,25985.92,26017.37,10022.22322
2023-08-27,1693094400000,26017.38,26182.23,25966.11,26101.77,12099.64216
2023-08-28,1693180800000,26101.78,26253.99,25864.5,26120.0,22692.62655
2023-08-29,1693267200000,26120.0,28142.85,25922.0,27716.34,74251.99488
2023-08-30,1693353600000,27716.34,27768.57,27017.24,27299.99,35448.25848
2023-08-31,1693440000000,27299.99,27587.51,25655.01,25940.78,51032.80401
2023-09-01,1693526400000,25940.77,26156.0,25333.75,25805.05,41032.15056
2023-09-02,1693612800000,25805.04,25987.5,25752.47,25869.51,16250.77698
2023-09-03,1693699200000,25869.52,26135.0,25800.0,25971.21,17474.47667
2023-09-04,1693785600000,25971.21,26108.02,25631.21,25826.02,21777.59609
2023-09-05,1693872000000,25826.03,25915.49,25562.62,25792.1,21323.39337
2023-09-06,1693958400000,25792.11,26040.0,25372.51,25759.95,27262.52386
2023-09-07,1694044800000,25759.95,26443.14,25615.38,26255.0,27687.49567
2023-09-08,1694131200000,26255.0,26445.5,25647.26,25910.5,28999.76471
2023-09-09,1694217600000,25910.5,25945.09,25796.64,25901.61,10980.62277
2023-09-10,1694304000000,25901.6,26033.66,25570.57,25841.61,18738.26914
2023-09-11,1694390400000,25841.6,25900.69,24901.0,25162.52,41682.32
2023-09-12,1694476800000,25162.53,26567.0,25131.48,25840.1,56434.38537
2023-09-13,1694563200000,25840.1,26405.22,25764.17,26222.0,31610.82753
2023-09-14,1694649600000,26222.0,26860.49,26126.77,26522.73,38333.1725
2023-09-15,1694736000000,26522.73,26888.0,26224.0,26600.0,26227.29369
2023-09-16,1694822400000,26599.99,26777.0,26445.0,26559.67,13960.93351
2023-09-17,1694908800000,26559.67,26623.25,26399.0,26527.51,12998.10277
2023-09-18,1694995200000,26527.5,27409.0,26377.35,26762.51,43000.43256
2023-09-19,1695081600000,26762.5,27483.57,26667.79,27210.26,36190.52187
2023-09-20,1695168000000,27210.25,27388.63,26800.0,27125.0,34207.21867
2023-09-21,1695254400000,27125.01,27159.6,26377.7,26568.08,34476.82662
2023-09-22,1695340800000,26568.08,26743.38,26468.77,26580.14,18198.2292
2023-09-23,1695427200000,26580.14,26632.81,26509.0,26575.96,9440.7026
2023-09-24,1695513600000,26575.97,26738.54,26122.08,26248.38,15706.65771
2023-09-25,1695600000000,26248.39,26446.15,25990.46,26304.81,26266.2039
2023-09-26,1695686400000,26304.8,26397.46,26088.34,26221.67,18495.35066
2023-09-27,1695772800000,26221.68,26850.0,26112.06,26372.99,34771.57978
2023-09-28,1695859200000,26373.0,27308.48,26342.4,27021.39,44517.83491
2023-09-29,1695945600000,27021.39,27244.89,26665.16,26906.96,28478.76219
2023-09-30,1696032000000,26906.96,27094.99,26886.31,26962.56,12804.62307
2023-10-01,1696118400000,26962.57,28065.51,26954.09,27992.57,24602.81468
2023-10-02,1696204800000,27992.58,28580.0,27281.44,27494.51,57071.14241
2023-10-03,1696291200000,27494.51,27676.52,27160.5,27426.46,28928.96555
2023-10-04,1696377600000,27426.45,27839.72,27202.0,27778.57,29816.142
2023-10-05,1696464000000,27778.57,28120.39,27352.0,27410.39,30681.49619
2023-10-06,1696550400000,27410.39,28295.0,27175.94,27931.09,37983.24277
2023-10-07,1696636800000,27931.1,28029.67,27842.08,27956.67,13348.83825
2023-10-08,1696723200000,27956.67,28095.14,27687.5,27917.05,19693.56921
2023-10-09,1696809600000,27917.06,27987.93,27260.0,27590.12,31534.74639
2023-10-10,1696896000000,27590.12,27735.0,27298.0,27390.12,22776.84383
2023-10-11,1696982400000,27390.12,27477.39,26538.66,26875.52,37349.44706
2023-10-12,1697068800000,26875.52,26947.04,26555.0,26759.63,23428.64112
2023-10-13,1697155200000,26759.63,27130.0,26685.0,26862.0,24115.76499
2023-10-14,1697241600000,26862.0,26989.58,26789.0,26852.48,10417.25576
2023-10-15,1697328000000,26852.48,27293.33,26808.25,27154.15,15274.6917
2023-10-16,1697414400000,27154.14,30000.0,27112.66,28500.78,78399.22445
2023-10-17,1697500800000,28500.77,28613.65,28069.32,28395.91,38428.44532
2023-10-18,1697587200000,28395.91,28982.36,28142.87,28320.0,32162.47591
2023-10-19,1697673600000,28320.0,28916.89,28100.66,28713.71,35895.50179
2023-10-20,1697760000000,28713.71,30207.55,28578.29,29669.04,59422.0992
2023-10-21,1697846400000,29669.05,30379.99,29464.77,29909.8,27517.51897
2023-10-22,1697932800000,29909.8,30248.0,29640.0,29992.46,22852.54563
2023-10-23,1698019200000,29992.46,34741.91,29883.6,33069.99,93513.64246
2023-10-24,1698105600000,33069.99,35280.0,32832.34,33922.73,115265.02418
2023-10-25,1698192000000,33922.73,35132.85,33679.05,34496.05,54887.02529
2023-10-26,1698278400000,34496.05,34824.13,33751.0,34151.66,39744.66255
2023-10-27,1698364800000,34151.66,34245.0,33390.95,33892.02,32330.40106
2023-10-28,1698451200000,33892.01,34493.33,33860.0,34081.0,16880.13144
2023-10-29,1698537600000,34081.01,34750.11,33930.0,34525.89,20685.52176
2023-10-30,1698624000000,34525.88,34856.0,34062.84,34474.73,33657.95976
2023-10-31,1698710400000,34474.74,34720.49,34025.0,34639.77,32737.89822
2023-11-01,1698796800000,34639.78,35582.0,34097.39,35421.43,53473.28165
2023-11-02,1698883200000,35421.43,35984.99,34300.0,34941.59,48015.57732
2023-11-03,1698969600000,34941.58,34946.5,34120.0,34716.78,39071.20644
2023-11-04,1699056000000,34716.78,35255.0,34585.18,35062.07,18377.55545
2023-11-05,1699142400000,35062.06,35380.0,34448.0,35011.88,24528.73376
2023-11-06,1699228800000,35011.89,35276.33,34725.9,35046.09,22346.47086
2023-11-07,1699315200000,35046.09,35888.0,34523.06,35399.12,38688.73692
2023-11-08,1699401600000,35399.13,36106.0,35100.0,35624.72,33401.34137
2023-11-09,1699488000000,35624.72,37972.24,35534.05,36701.09,82537.88885
2023-11-10,1699574400000,36701.1,37526.0,36324.71,37301.63,43414.04898
2023-11-11,1699660800000,37301.63,37408.26,36666.93,37130.0,22984.97235
2023-11-12,1699747200000,37129.99,37222.22,36731.1,37064.13,17687.18874
2023-11-13,1699833600000,37064.13,37417.99,36333.0,36462.93,32798.18252
2023-11-14,1699920000000,36462.93,36744.0,34800.0,35551.19,45503.68416
2023-11-15,1700006400000,35551.2,37980.0,35360.0,37858.2,53569.13385
2023-11-16,1700092800000,37858.2,37929.54,35500.0,36163.51,47490.39566
2023-11-17,1700179200000,36163.51,36800.0,35861.1,36613.92,38283.61112
2023-11-18,1700265600000,36613.91,36845.49,36178.58,36568.1,17102.24186
2023-11-19,1700352000000,36568.11,37500.0,36384.02,37359.86,21246.34648
2023-11-20,1700438400000,37359.85,37750.0,36677.0,37448.78,36022.70291
2023-11-21,1700524800000,37448.79,37649.44,35735.0,35741.65,47646.54804
2023-11-22,1700611200000,35741.65,37861.1,35632.01,37408.34,45051.30697
2023-11-23,1700697600000,37408.35,37653.44,36870.0,37294.28,23827.92882
2023-11-24,1700784000000,37294.27,38414.0,37251.51,37713.57,44680.80646
2023-11-25,1700870400000,37713.57,37888.0,37591.1,37780.67,11396.14464
2023-11-26,1700956800000,37780.67,37814.63,37150.0,37447.43,21264.53723
2023-11-27,1701043200000,37447.42,37569.23,36707.0,37242.7,30001.07376
2023-11-28,1701129600000,37242.7,38377.0,36868.41,37818.87,37544.46667
2023-11-29,1701216000000,37818.88,38450.0,37570.0,37854.64,32994.19107
2023-11-30,1701302400000,37854.65,38145.85,37500.0,37723.96,24740.29147
2023-12-01,1701388800000,37723.97,38999.0,37615.86,38682.52,43415.66324
2023-12-02,1701475200000,38682.51,39717.14,38641.61,39450.35,26696.92161
2023-12-03,1701561600000,39450.35,40250.0,39274.86,39972.26,26710.65335
2023-12-04,1701648000000,39972.26,42420.0,39972.26,41991.1,79272.33059
2023-12-05,1701734400000,41991.1,44488.0,41414.0,44073.32,67490.74644
2023-12-06,1701820800000,44073.82,44297.21,43335.28,43762.69,51431.10492
2023-12-07,1701907200000,43762.69,44047.33,42821.1,43273.14,47103.26845
2023-12-08,1701993600000,43273.15,44700.0,43081.1,44170.99,42900.37556
2023-12-09,1702080000000,44171.0,44358.02,43584.51,43713.6,24925.97008
2023-12-10,1702166400000,43713.59,44049.0,43563.0,43789.51,18956.61758
2023-12-11,1702252800000,43789.5,43804.5,40222.0,41253.4,76663.89804
2023-12-12,1702339200000,41253.41,42104.12,40680.0,41492.39,42722.69773
2023-12-13,1702425600000,41492.38,43475.2,40555.0,42869.03,45865.99773
2023-12-14,1702512000000,42869.03,43420.0,41400.0,43022.26,42047.05709
2023-12-15,1702598400000,43022.26,43080.81,41666.0,41940.3,33421.7932
2023-12-16,1702684800000,41940.29,42724.43,41605.0,42278.03,24118.85747
2023-12-17,1702771200000,42278.02,42424.07,41252.0,41374.65,27722.11452
2023-12-18,1702857600000,41374.64,42757.81,40542.93,42657.8,46734.0925
2023-12-19,1702944000000,42657.8,43497.0,41811.1,42275.99,40927.86444
2023-12-20,1703030400000,42275.99,44283.0,42206.0,43668.93,48710.2947
2023-12-21,1703116800000,43668.92,44242.35,43286.72,43861.8,34624.29384
2023-12-22,1703203200000,43861.79,44398.26,43412.54,43969.04,32783.19638
2023-12-23,1703289600000,43969.04,43988.68,43291.1,43702.16,16557.1293
2023-12-24,1703376000000,43702.15,43946.0,42500.0,42991.5,25144.33496
2023-12-25,1703462400000,42991.5,43802.32,42720.43,43576.13,27021.23992
2023-12-26,1703548800000,43576.12,43592.68,41637.6,42508.93,41010.04282
2023-12-27,1703635200000,42508.93,43677.0,42098.69,43428.85,36191.21136
2023-12-28,1703721600000,43428.86,43787.57,42241.79,42563.76,35150.52485
2023-12-29,1703808000000,42563.76,43111.0,41300.0,42066.95,42597.18912
2023-12-30,1703894400000,42066.94,42612.32,41520.3,42140.28,22906.57818
2023-12-31,1703980800000,42140.29,42899.0,41965.84,42283.58,23585.91603
2024-01-01,1704067200000,42283.58,44184.1,42180.77,44179.55,27174.29903
2024-01-02,1704153600000,44179.55,45879.63,44148.34,44946.91,65146.40661
2024-01-03,1704240000000,44946.91,45500.0,40750.0,42845.23,81194.55173
2024-01-04,1704326400000,42845.23,44729.58,42613.77,44151.1,48038.06334
2024-01-05,1704412800000,44151.1,44357.46,42450.0,44145.11,48075.25327
2024-01-06,1704499200000,44145.12,44214.42,43397.05,43968.32,17835.06144
2024-01-07,1704585600000,43968.32,44480.59,43572.09,43929.02,23023.8508
2024-01-08,1704672000000,43929.01,47248.99,43175.0,46951.04,72814.57589
2024-01-09,1704758400000,46951.04,47972.0,44748.67,46110.0,69927.66617
2024-01-10,1704844800000,46110.0,47695.93,44300.36,46653.99,89911.41203
2024-01-11,1704931200000,46654.0,48969.48,45606.06,46339.16,87470.3296
2024-01-12,1705017600000,46339.16,46515.53,41500.0,42782.73,86327.93707
2024-01-13,1705104000000,42782.74,43257.0,42436.12,42847.99,36118.47464
2024-01-14,1705190400000,42847.99,43079.0,41720.0,41732.35,28228.40894
2024-01-15,1705276800000,41732.35,43400.43,41718.05,42511.1,40269.89303
2024-01-16,1705363200000,42511.1,43578.01,42050.0,43137.95,45045.74589
2024-01-17,1705449600000,43137.94,43198.0,42200.69,42776.1,33266.21388
2024-01-18,1705536000000,42776.09,42930.0,40683.28,41327.5,43907.51641
2024-01-19,1705622400000,41327.51,42196.86,40280.0,41659.03,48342.74559
2024-01-20,1705708800000,41659.03,41872.56,41456.3,41696.04,15923.99493
2024-01-21,1705795200000,41696.05,41881.39,41500.98,41580.33,11730.16301
2024-01-22,1705881600000,41580.32,41689.65,39431.58,39568.02,55426.19911
2024-01-23,1705968000000,39568.02,40176.74,38555.0,39897.6,57956.63351
2024-01-24,1706054400000,39897.59,40555.0,39484.19,40084.88,39293.82861
2024-01-25,1706140800000,40084.89,40300.24,39550.0,39961.09,31022.11853
2024-01-26,1706227200000,39961.09,42246.82,39822.52,41823.51,47384.96726
2024-01-27,1706313600000,41823.51,42200.0,41394.34,42120.63,16224.41667
2024-01-28,1706400000000,42120.63,42842.68,41620.81,42031.06,27294.99838
2024-01-29,1706486400000,42031.05,43333.0,41804.88,43302.7,31542.74207
2024-01-30,1706572800000,43302.71,43882.36,42683.99,42941.1,37619.24546
2024-01-31,1706659200000,42941.1,43745.11,42276.84,42580.0,39871.13688
2024-02-01,1706745600000,42580.0,43285.13,41884.28,43082.94,35231.04664
2024-02-02,1706832000000,43082.95,43488.0,42546.79,43200.0,29672.14418
2024-02-03,1706918400000,43199.99,43380.01,42880.0,43011.09,12033.40998
2024-02-04,1707004800000,43011.1,43119.04,42222.0,42582.88,17066.89404
2024-02-05,1707091200000,42582.88,43569.76,42258.1,42708.7,29467.75905
2024-02-06,1707177600000,42708.7,43399.98,42574.0,43098.95,24675.85433
2024-02-07,1707264000000,43098.96,44396.5,42788.0,44349.6,34392.59915
2024-02-08,1707350400000,44349.6,45614.3,44331.1,45288.65,45439.62231
2024-02-09,1707436800000,45288.66,48200.0,45242.12,47132.77,73503.481
2024-02-10,1707523200000,47132.78,48170.0,46800.0,47751.09,24802.35936
2024-02-11,1707609600000,47751.08,48592.66,47557.16,48299.99,29958.80837
2024-02-12,1707696000000,48300.0,50334.82,47710.01,49917.27,59009.96705
2024-02-13,1707782400000,49917.28,50368.61,48300.95,49699.59,55551.56706
2024-02-14,1707868800000,49699.6,52043.71,49225.01,51795.17,57046.37401
2024-02-15,1707955200000,51795.17,52816.62,51314.0,51880.0,53816.03055
2024-02-16,1708041600000,51880.01,52572.08,51566.0,52124.11,37772.25318
2024-02-17,1708128000000,52124.1,52162.82,50625.0,51642.64,25674.00622
2024-02-18,1708214400000,51642.64,52377.0,51163.28,52137.67,21992.10363
2024-02-19,1708300800000,52137.68,52488.77,51677.0,51774.73,29534.99432
2024-02-20,1708387200000,51774.74,52985.0,50760.37,52258.82,49614.47318
2024-02-21,1708473600000,52258.82,52366.8,50625.0,51849.39,43079.40049
2024-02-22,1708560000000,51849.38,52065.78,50940.78,51288.42,35309.44574
2024-02-23,1708646400000,51288.42,51548.54,50521.0,50744.15,30545.79544
2024-02-24,1708732800000,50744.15,51698.0,50585.0,51568.22,16560.4211
2024-02-25,1708819200000,51568.21,51958.55,51279.8,51728.85,18721.63159
2024-02-26,1708905600000,51728.85,54910.0,50901.44,54476.47,51256.72199
2024-02-27,1708992000000,54476.48,57588.15,54450.13,57037.34,67194.98562
2024-02-28,1709078400000,57037.35,64000.0,56691.85,62432.1,118763.46984
2024-02-29,1709164800000,62432.11,63676.35,60364.7,61130.98,78425.07603
2024-03-01,1709251200000,61130.99,63114.23,60777.0,62387.9,47737.93473
2024-03-02,1709337600000,62387.9,62433.19,61561.12,61987.28,25534.73659
2024-03-03,1709424000000,61987.28,63231.88,61320.0,63113.97,28994.90903
2024-03-04,1709510400000,63113.97,68499.0,62300.0,68245.71,84835.16005
2024-03-05,1709596800000,68245.71,69000.0,59005.0,63724.01,132696.7813
2024-03-06,1709683200000,63724.01,67641.1,62779.14,66074.04,78738.85491
2024-03-07,1709769600000,66074.04,67980.0,65551.0,66823.17,53059.8869
2024-03-08,1709856000000,66823.18,69990.0,66082.66,68124.19,74261.932842
2024-03-09,1709942400000,68124.2,68541.1,67861.1,68313.27,19872.89743
2024-03-10,1710028800000,68313.28,69887.61,68094.75,68955.88,38404.66835
2024-03-11,1710115200000,68955.88,72800.0,67024.96,72078.1,75292.825726
2024-03-12,1710201600000,72078.1,73000.0,68620.82,71452.01,68783.546691
2024-03-13,1710288000000,71452.0,73650.25,71333.31,73072.41,52659.711647
2024-03-14,1710374400000,73072.4,73777.0,68555.0,71388.94,71757.628746
2024-03-15,1710460800000,71388.94,72419.71,65600.0,69499.85,103334.03546
2024-03-16,1710547200000,69499.84,70043.0,64780.0,65300.63,55926.95336
2024-03-17,1710633600000,65300.64,68904.4,64533.0,68393.48,49742.21589
2024-03-18,1710720000000,68393.47,68956.0,66565.2,67609.99,55691.08088
2024-03-19,1710806400000,67610.0,68124.11,61555.0,61937.4,101005.32487
2024-03-20,1710892800000,61937.41,68100.0,60775.0,67840.51,90420.58592
2024-03-21,1710979200000,67840.51,68240.47,64529.01,65501.27,53357.48002
2024-03-22,1711065600000,65501.28,66649.62,62260.0,63796.64,51482.37821
2024-03-23,1711152000000,63796.64,65999.0,63000.0,63990.01,26410.11409
2024-03-24,1711238400000,63990.02,67628.69,63772.29,67209.99,31395.78015
2024-03-25,1711324800000,67210.0,71150.0,66385.06,69880.01,53431.14486
2024-03-26,1711411200000,69880.0,71561.1,69280.0,69988.0,38934.38417
2024-03-27,1711497600000,69987.99,71769.54,68359.18,69469.99,49119.35685
2024-03-28,1711584000000,69469.99,71552.06,68903.62,70780.6,35439.03239
2024-03-29,1711670400000,70780.6,70916.16,69009.0,69850.54,25445.08353
2024-03-30,1711756800000,69850.53,70321.1,69540.0,69582.18,13644.61142
2024-03-31,1711843200000,69582.17,71366.0,69562.99,71280.01,19396.34433
2024-04-01,1711929600000,71280.0,71288.23,68062.86,69649.8,41445.32039
2024-04-02,1712016000000,69649.81,69674.23,64550.0,65463.99,71799.82793
2024-04-03,1712102400000,65463.99,66903.63,64493.07,65963.28,39887.21778
2024-04-04,1712188800000,65963.27,69309.91,65064.52,68487.79,41510.48453
2024-04-05,1712275200000,68487.8,68756.67,65952.56,67820.62,37915.23073
2024-04-06,1712361600000,67820.63,69692.0,67447.83,68896.0,20134.28919
2024-04-07,1712448000000,68896.0,70326.29,68824.0,69360.39,21534.74433
2024-04-08,1712534400000,69360.38,72797.99,69043.24,71620.0,45723.87624
2024-04-09,1712620800000,71620.0,71758.19,68210.0,69146.0,39293.90242
2024-04-10,1712707200000,69146.0,71172.08,67518.0,70631.08,42006.02377
2024-04-11,1712793600000,70631.08,71305.89,69567.21,70006.23,31917.25595
2024-04-12,1712880000000,70006.22,71227.46,65086.86,67116.52,56072.86229
2024-04-13,1712966400000,67116.52,67929.0,60660.57,63924.51,71395.22019
2024-04-14,1713052800000,63924.52,65840.0,62134.0,65661.84,61599.17818
2024-04-15,1713139200000,65661.85,66867.07,62274.4,63419.99,52389.53069
2024-04-16,1713225600000,63419.99,64365.0,61600.0,63793.39,53435.29331
2024-04-17,1713312000000,63793.4,64499.0,59678.16,61277.37,50610.54509
2024-04-18,1713398400000,61277.38,64117.09,60803.35,63470.08,43601.60918
2024-04-19,1713484800000,63470.09,65450.0,59600.01,63818.01,69774.30271
2024-04-20,1713571200000,63818.01,65419.0,63090.07,64940.59,23137.42975
2024-04-21,1713657600000,64940.58,65695.56,64237.5,64941.15,19316.42152
2024-04-22,1713744000000,64941.15,67232.35,64500.0,66819.32,31397.99371
2024-04-23,1713830400000,66819.32,67183.01,65765.81,66414.0,22599.90004
2024-04-24,1713916800000,66414.0,67070.43,63606.06,64289.59,33595.69637
2024-04-25,1714003200000,64289.58,65297.94,62794.0,64498.34,31341.46338
2024-04-26,1714089600000,64498.33,64820.01,63297.48,63770.01,27085.19346
2024-04-27,1714176000000,63770.0,63923.41,62391.24,63461.98,20933.06052
2024-04-28,1714262400000,63461.98,64370.0,62781.0,63118.62,16949.20005
2024-04-29,1714348800000,63118.62,64228.35,61765.53,63866.0,28150.22947
2024-04-30,1714435200000,63866.0,64734.0,59191.6,60672.0,54947.65535
2024-05-01,1714521600000,60672.01,60841.63,56552.82,58364.97,81166.46823
2024-05-02,1714608000000,58364.97,59625.0,56911.84,59060.61,47583.81961
2024-05-03,1714694400000,59060.6,63333.0,58811.32,62882.01,43628.40143
2024-05-04,1714780800000,62882.01,64540.0,62541.03,63892.04,24368.69282
2024-05-05,1714867200000,63892.03,64646.0,62822.17,64012.0,18526.75029
2024-05-06,1714953600000,64012.0,65500.0,62700.0,63165.19,34674.91949
2024-05-07,1715040000000,63165.18,64422.41,62261.0,62312.08,25598.79472
2024-05-08,1715126400000,62312.07,63020.22,60888.0,61193.03,26121.19004
2024-05-09,1715212800000,61193.03,63429.03,60630.0,63074.01,30660.8061
2024-05-10,1715299200000,63074.0,63469.13,60187.12,60799.99,36529.34025
2024-05-11,1715385600000,60799.99,61515.0,60487.09,60825.99,13374.56936
2024-05-12,1715472000000,60825.99,61888.0,60610.0,61483.99,12753.13236
2024-05-13,1715558400000,61484.0,63450.0,60749.21,62940.08,32733.41839
2024-05-14,1715644800000,62940.09,63118.36,61142.77,61577.49,29088.72041
2024-05-15,1715731200000,61577.49,66444.16,61319.47,66206.5,43559.74719
2024-05-16,1715817600000,66206.51,66752.01,64602.77,65235.21,31106.3671
2024-05-17,1715904000000,65235.21,67451.2,65106.38,67024.0,26292.23409
2024-05-18,1715990400000,67024.0,67400.01,66600.0,66915.2,14441.25774
2024-05-19,1716076800000,66915.2,67700.0,65857.25,66274.01,18025.30409
2024-05-20,1716163200000,66274.0,71515.56,66060.31,71446.62,50816.7011
2024-05-21,1716249600000,71446.62,71979.0,69162.94,70148.34,49607.4336
2024-05-22,1716336000000,70148.34,70666.0,68842.19,69166.62,27673.18026
2024-05-23,1716422400000,69166.62,70096.12,66312.16,67969.65,40513.17374
2024-05-24,1716508800000,67969.66,69250.0,66600.12,68549.99,28095.83664
2024-05-25,1716595200000,68549.99,69610.0,68500.0,69290.57,12130.39418
2024-05-26,1716681600000,69290.56,69562.23,68128.01,68507.67,11872.11797
2024-05-27,1716768000000,68507.67,70687.56,68250.0,69436.43,23136.92737
2024-05-28,1716854400000,69436.43,69591.81,67277.91,68398.39,32622.97042
2024-05-29,1716940800000,68398.4,68935.68,67124.65,67652.42,23159.83149
2024-05-30,1717027200000,67652.41,69500.0,67128.0,68352.17,28478.2184
2024-05-31,1717113600000,68352.17,69044.1,66670.0,67540.01,26690.32184
2024-06-01,1717200000000,67540.01,67900.0,67428.44,67766.85,8837.66133
2024-06-02,1717286400000,67766.84,68460.0,67257.47,67765.63,15426.32529
2024-06-03,1717372800000,67765.62,70288.0,67612.48,68809.9,29633.374
2024-06-04,1717459200000,68809.89,71063.45,68567.32,70537.84,29619.78489
2024-06-05,1717545600000,70537.83,71758.0,70383.66,71108.0,28703.18082
2024-06-06,1717632000000,71108.0,71700.0,70117.64,70799.06,21842.00449
2024-06-07,1717718400000,70799.06,71997.02,68420.0,69355.6,35598.45045
2024-06-08,1717804800000,69355.6,69582.2,69168.02,69310.46,9773.82967
2024-06-09,1717891200000,69310.46,69857.14,69130.24,69648.14,9890.56709
2024-06-10,1717977600000,69648.15,70195.94,69172.29,69540.0,17122.66941
2024-06-11,1718064000000,69540.0,69590.01,66051.0,67314.24,41436.01588
2024-06-12,1718150400000,67314.23,69999.0,66905.0,68263.99,37175.32356
2024-06-13,1718236800000,68263.98,68449.3,66251.78,66773.01,29079.55571
2024-06-14,1718323200000,66773.01,67370.24,65078.0,66043.99,28408.18797
2024-06-15,1718409600000,66043.99,66478.48,65857.1,66228.25,11451.80242
2024-06-16,1718496000000,66228.25,66998.7,66034.5,66676.87,9392.52223
2024-06-17,1718582400000,66676.86,67298.81,65130.0,66504.33,27386.16851
2024-06-18,1718668800000,66504.33,66588.23,64060.0,65175.32,42350.10244
2024-06-19,1718755200000,65175.32,65727.54,64666.0,64974.37,20060.79576
2024-06-20,1718841600000,64974.37,66482.94,64559.15,64869.99,24265.29031
2024-06-21,1718928000000,64869.99,65066.66,63379.35,64143.56,25993.56442
2024-06-22,1719014400000,64143.56,64546.81,63943.82,64262.01,7308.95542
2024-06-23,1719100800000,64262.01,64521.0,63178.32,63210.01,8224.45447
2024-06-24,1719187200000,63210.01,63369.8,58402.0,60293.3,52161.35414
2024-06-25,1719273600000,60293.3,62420.0,60257.06,61806.01,31189.24361
2024-06-26,1719360000000,61806.01,62487.81,60712.0,60864.99,22485.66463
2024-06-27,1719446400000,60864.98,62389.22,60606.63,61706.47,18344.28631
2024-06-28,1719532800000,61706.46,62225.31,60063.0,60427.84,24821.19255
2024-06-29,1719619200000,60427.84,61224.0,60383.77,60986.68,11509.55904
2024-06-30,1719705600000,60986.68,63058.76,60712.21,62772.01,17326.30136
2024-07-01,1719792000000,62772.01,63861.76,62497.2,62899.99,24547.10538
2024-07-02,1719878400000,62900.0,63288.83,61806.28,62135.47,18573.11875
2024-07-03,1719964800000,62135.46,62285.94,59400.0,60208.58,32160.11127
2024-07-04,1720051200000,60208.57,60498.19,56771.0,57050.01,54568.77276
2024-07-05,1720137600000,57050.02,57546.0,53485.93,56628.79,81348.24756
2024-07-06,1720224000000,56628.79,58475.0,56018.0,58230.13,21651.31558
2024-07-07,1720310400000,58230.13,58449.46,55724.37,55857.81,19118.93918
2024-07-08,1720396800000,55857.81,58236.73,54260.16,56714.62,48090.2049
2024-07-09,1720483200000,56714.61,58296.0,56289.45,58050.0,27732.20788
2024-07-10,1720569600000,58050.0,59470.0,57157.79,57725.85,24951.73799
2024-07-11,1720656000000,57725.85,59650.0,57050.0,57339.89,29761.05735
2024-07-12,1720742400000,57339.89,58526.68,56542.47,57889.1,23652.4569
2024-07-13,1720828800000,57889.09,59850.0,57756.63,59204.02,15357.74519
2024-07-14,1720915200000,59204.01,61420.69,59194.01,60797.91,21178.33907
2024-07-15,1721001600000,60797.91,64900.0,60632.3,64724.14,38690.9782
2024-07-16,1721088000000,64724.06,65388.97,62373.24,65043.99,42530.52915
2024-07-17,1721174400000,65044.0,66128.63,63854.0,64087.99,29567.52954
2024-07-18,1721260800000,64087.99,65133.3,63238.48,63987.92,22568.7225
2024-07-19,1721347200000,63987.92,67386.0,63300.67,66660.0,35634.72739
2024-07-20,1721433600000,66660.01,67598.0,66222.46,67139.96,14386.92434
2024-07-21,1721520000000,67139.97,68366.66,65777.0,68165.34,21819.11191
2024-07-22,1721606400000,68165.35,68474.55,66559.97,67532.01,21451.04303
2024-07-23,1721692800000,67532.0,67750.98,65441.08,65936.01,31406.15316
2024-07-24,1721779200000,65936.0,67102.01,65111.0,65376.0,23082.56277
2024-07-25,1721865600000,65376.01,66175.49,63456.7,65799.95,35126.42934
2024-07-26,1721952000000,65799.95,68200.0,65722.63,67907.99,24244.36023
2024-07-27,1722038400000,67908.0,69399.99,66650.0,67896.5,31710.21921
2024-07-28,1722124800000,67896.49,68318.43,67066.66,68249.88,10868.69394
2024-07-29,1722211200000,68249.88,70079.99,66428.0,66784.69,36467.29633
2024-07-30,1722297600000,66784.68,67000.0,65302.67,66188.0,23132.25441
2024-07-31,1722384000000,66188.0,66849.24,64530.0,64628.0,22625.43905
2024-08-01,1722470400000,64628.01,65659.78,62302.0,65354.02,35542.26854
2024-08-02,1722556800000,65354.02,65596.14,61230.01,61498.33,38820.42937
2024-08-03,1722643200000,61498.34,62198.22,59850.0,60697.99,28034.71567
2024-08-04,1722729600000,60697.99,61117.63,57122.77,58161.0,31616.52003
2024-08-05,1722816000000,58161.0,58305.59,49000.0,54018.81,162065.59186
2024-08-06,1722902400000,54018.82,57040.99,53950.0,56022.01,55884.77676
2024-08-07,1722988800000,56022.0,57736.05,54558.62,55134.16,44269.37684
2024-08-08,1723075200000,55133.76,62745.14,54730.0,61685.99,48349.52949
2024-08-09,1723161600000,61686.0,61744.37,59535.0,60837.99,30972.48017
2024-08-10,1723248000000,60837.99,61470.58,60242.0,60923.51,9995.20621
2024-08-11,1723334400000,60923.51,61858.0,58286.73,58712.59,19189.84512
2024-08-12,1723420800000,58712.59,60711.09,57642.21,59346.64,37009.91743
2024-08-13,1723507200000,59346.64,61578.1,58392.88,60587.15,27858.95851
2024-08-14,1723593600000,60587.16,61800.0,58433.18,58683.39,28422.76326
2024-08-15,1723680000000,58683.39,59849.38,56078.54,57541.06,37686.17622
2024-08-16,1723766400000,57541.05,59817.76,57098.62,58874.6,27610.84344
2024-08-17,1723852800000,58874.59,59700.0,58785.05,59491.99,7721.72931
2024-08-18,1723939200000,59491.99,60284.99,58408.92,58427.35,13634.85717
2024-08-19,1724025600000,58427.35,59617.63,57787.3,59438.5,22809.31251
2024-08-20,1724112000000,59438.5,61400.0,58548.23,59013.8,31477.44548
2024-08-21,1724198400000,59013.8,61820.93,58783.47,61156.03,27983.6422
2024-08-22,1724284800000,61156.03,61400.0,59724.87,60375.84,21241.20588
2024-08-23,1724371200000,60375.83,64955.0,60342.14,64037.24,38118.07089
2024-08-24,1724457600000,64037.24,64494.5,63531.0,64157.01,15857.15616
2024-08-25,1724544000000,64157.02,65000.0,63773.27,64220.0,12305.47977
2024-08-26,1724630400000,64219.99,64481.0,62800.0,62834.0,19470.05276
2024-08-27,1724716800000,62834.0,63212.0,58034.01,59415.0,35135.94178
2024-08-28,1724803200000,59415.0,60234.98,57860.0,59034.9,36868.54275
2024-08-29,1724889600000,59034.9,61166.99,58713.09,59359.01,27020.90743
2024-08-30,1724976000000,59359.0,59944.07,57701.1,59123.99,28519.32195
2024-08-31,1725062400000,59123.99,59462.38,58744.0,58973.99,8798.409
2024-09-01,1725148800000,58974.0,59076.59,57201.0,57301.86,20705.15741
2024-09-02,1725235200000,57301.77,59425.69,57128.0,59132.13,22895.01461
2024-09-03,1725321600000,59132.12,59809.65,57415.0,57487.73,22828.18447
2024-09-04,1725408000000,57487.74,58519.0,55606.0,57970.9,35560.82146
2024-09-05,1725494400000,57970.9,58327.07,55643.65,56180.0,27806.91413
2024-09-06,1725580800000,56180.0,57008.0,52550.0,53962.97,54447.76826
2024-09-07,1725667200000,53962.97,54850.0,53745.54,54160.86,16694.04774
2024-09-08,1725753600000,54160.86,55318.0,53629.01,54869.95,16274.14779
2024-09-09,1725840000000,54869.95,58088.0,54591.96,57042.0,32384.51737
2024-09-10,1725926400000,57042.01,58044.36,56386.4,57635.99,23626.78126
2024-09-11,1726012800000,57635.99,57981.71,55545.19,57338.0,33026.56757
2024-09-12,1726099200000,57338.0,58588.0,57324.0,58132.32,31074.40631
2024-09-13,1726185600000,58132.31,60625.0,57632.62,60498.0,29825.23333
2024-09-14,1726272000000,60497.99,60610.45,59400.0,59993.03,12137.90901
2024-09-15,1726358400000,59993.02,60395.8,58691.05,59132.0,13757.92361
2024-09-16,1726444800000,59132.0,59210.7,57493.3,58213.99,26477.5642
2024-09-17,1726531200000,58213.99,61320.0,57610.01,60313.99,33116.25878
2024-09-18,1726617600000,60313.99,61786.24,59174.8,61759.99,36087.02469
2024-09-19,1726704000000,61759.98,63850.0,61555.0,62947.99,34332.52608
2024-09-20,1726790400000,62948.0,64133.32,62350.0,63201.05,25466.37794
2024-09-21,1726876800000,63201.05,63559.9,62758.0,63348.96,8375.34608
2024-09-22,1726963200000,63348.97,64000.0,62357.93,63578.76,14242.19892
2024-09-23,1727049600000,63578.76,64745.88,62538.75,63339.99,24078.05287
2024-09-24,1727136000000,63339.99,64688.0,62700.0,64262.7,23185.04759
2024-09-25,1727222400000,64262.7,64817.99,62947.08,63152.01,17813.11168
2024-09-26,1727308800000,63152.01,65839.0,62670.0,65173.99,28373.30593
2024-09-27,1727395200000,65173.99,66498.0,64819.9,65769.95,22048.80487
2024-09-28,1727481600000,65769.95,66260.0,65422.23,65858.0,9127.23316
2024-09-29,1727568000000,65858.0,66076.12,65432.0,65602.01,8337.74111
2024-09-30,1727654400000,65602.01,65618.8,62856.3,63327.59,30011.08752
2024-10-01,1727740800000,63327.6,64130.63,60164.0,60805.78,43671.48108
2024-10-02,1727827200000,60804.92,62390.31,60000.0,60649.28,31534.70118
2024-10-03,1727913600000,60649.27,61477.19,59828.11,60752.71,26221.43472
2024-10-04,1728000000000,60752.72,62484.85,60459.9,62086.0,21294.65994
2024-10-05,1728086400000,62086.0,62370.56,61689.26,62058.0,7807.46141
2024-10-06,1728172800000,62058.01,62975.0,61798.97,62819.91,8906.86177
2024-10-07,1728259200000,62819.91,64478.19,62128.0,62224.0,25966.1852
2024-10-08,1728345600000,62224.01,63200.0,61860.31,62160.49,19702.22371
2024-10-09,1728432000000,62160.5,62543.75,60301.0,60636.02,20011.15684
2024-10-10,1728518400000,60636.01,61321.68,58946.0,60326.39,23967.92481
2024-10-11,1728604800000,60326.4,63417.56,60087.64,62540.0,23641.35209
2024-10-12,1728691200000,62539.99,63480.0,62487.23,63206.22,10911.30116
2024-10-13,1728777600000,63206.23,63285.72,62050.0,62870.02,11909.21995
2024-10-14,1728864000000,62870.02,66500.0,62457.81,66083.99,37669.95222
2024-10-15,1728950400000,66084.0,67950.0,64800.01,67074.14,43683.95423
2024-10-16,1729036800000,67074.14,68424.0,66750.49,67620.01,29938.25544
2024-10-17,1729123200000,67620.0,67939.4,66666.0,67421.78,25328.22861
2024-10-18,1729209600000,67421.78,69000.0,67192.36,68428.0,28725.635
2024-10-19,1729296000000,68427.99,68693.26,68010.0,68378.0,8193.66737
2024-10-20,1729382400000,68377.99,69400.0,68100.0,69031.99,12442.47378
2024-10-21,1729468800000,69032.0,69519.52,66840.67,67377.5,31374.42184
2024-10-22,1729555200000,67377.5,67836.01,66571.42,67426.0,24598.96268
2024-10-23,1729641600000,67426.01,67472.83,65260.0,66668.65,25530.2407
2024-10-24,1729728000000,66668.65,68850.0,66510.0,68198.28,22589.83877
2024-10-25,1729814400000,68198.27,68771.49,65596.29,66698.33,34479.71125
2024-10-26,1729900800000,66698.32,67454.55,66439.9,67092.76,11842.9077
2024-10-27,1729987200000,67092.76,68332.05,66913.73,68021.7,8653.19592
2024-10-28,1730073600000,68021.69,70270.0,67618.0,69962.21,29046.75459
2024-10-29,1730160000000,69962.21,73620.12,69760.0,72736.42,50128.60594
2024-10-30,1730246400000,72736.41,72961.0,71436.0,72344.74,26885.99056
2024-10-31,1730332800000,72344.75,72700.0,69685.76,70292.01,29352.10297
2024-11-01,1730419200000,70292.01,71632.95,68820.14,69496.01,38301.86755
2024-11-02,1730505600000,69496.0,69914.37,69000.14,69374.74,10521.67243
2024-11-03,1730592000000,69374.74,69391.0,67478.73,68775.99,24995.70243
2024-11-04,1730678400000,68775.99,69500.0,66835.0,67850.01,29800.39187
2024-11-05,1730764800000,67850.01,70577.91,67476.63,69372.01,33355.06888
2024-11-06,1730851200000,69372.01,76400.0,69298.0,75571.99,104126.994787
2024-11-07,1730937600000,75571.99,76849.99,74416.0,75857.89,44869.422345
2024-11-08,1731024000000,75857.89,77199.99,75555.0,76509.78,36521.099583
2024-11-09,1731110400000,76509.78,76900.0,75714.66,76677.46,16942.07915
2024-11-10,1731196800000,76677.46,81500.0,76492.0,80370.01,61830.100435
2024-11-11,1731283200000,80370.01,89530.54,80216.01,88647.99,82323.665776
2024-11-12,1731369600000,88648.0,89940.0,85072.0,87952.01,97299.887911
2024-11-13,1731456000000,87952.0,93265.64,86127.99,90375.2,86763.854127
2024-11-14,1731542400000,90375.21,91790.0,86668.21,87325.59,56729.51086
2024-11-15,1731628800000,87325.59,91850.0,87073.38,91032.07,47927.95068
2024-11-16,1731715200000,91032.08,91779.66,90056.17,90586.92,22717.87689
2024-11-17,1731801600000,90587.98,91449.99,88722.0,89855.99,23867.55609
2024-11-18,1731888000000,89855.98,92594.0,89376.9,90464.08,46545.03448
2024-11-19,1731974400000,90464.07,93905.51,90357.0,92310.79,43660.04682
2024-11-20,1732060800000,92310.8,94831.97,91500.0,94286.56,42203.198712
2024-11-21,1732147200000,94286.56,98988.0,94040.0,98317.12,69228.360477
2024-11-22,1732233600000,98317.12,99588.01,97122.11,98892.0,46189.309243
2024-11-23,1732320000000,98892.0,98908.85,97136.0,97672.4,24757.84367
2024-11-24,1732406400000,97672.4,98564.0,95734.77,97900.04,31200.97838
2024-11-25,1732492800000,97900.05,98871.8,92600.19,93010.01,50847.45096
2024-11-26,1732579200000,93010.01,94973.37,90791.1,91965.16,57858.73138
2024-11-27,1732665600000,91965.16,97208.21,91792.14,95863.11,41153.42734
2024-11-28,1732752000000,95863.11,96564.0,94640.0,95643.98,28814.54357
2024-11-29,1732838400000,95643.99,98619.99,95364.99,97460.0,27701.78231
2024-11-30,1732924800000,97460.0,97463.95,96092.01,96407.99,14503.83306
2024-12-01,1733011200000,96407.99,97836.0,95693.88,97185.18,16938.60452
2024-12-02,1733097600000,97185.17,98130.0,94395.0,95840.62,37958.66981
2024-12-03,1733184000000,95840.61,96305.52,93578.17,95849.69,35827.32283
2024-12-04,1733270400000,95849.69,99000.0,94587.83,98587.32,43850.53728
2024-12-05,1733356800000,98587.32,104088.0,90500.0,96945.63,109921.729662
2024-12-06,1733443200000,96945.63,101898.99,95981.72,99740.84,45049.5331
2024-12-07,1733529600000,99740.84,100439.18,98844.0,99831.99,14931.9459
2024-12-08,1733616000000,99831.99,101351.0,98657.7,101109.59,14612.99688
2024-12-09,1733702400000,101109.6,101215.93,94150.05,97276.47,53949.11595
2024-12-10,1733788800000,97276.48,98270.0,94256.54,96593.0,51708.68933
2024-12-11,1733875200000,96593.0,101888.0,95658.24,101125.0,37753.78291
2024-12-12,1733961600000,101125.0,102540.0,99311.64,100004.29,29232.08745
2024-12-13,1734048000000,100004.29,101895.26,99205.0,101424.25,21904.03923
2024-12-14,1734134400000,101424.24,102650.0,100609.41,101420.0,14191.70326
2024-12-15,1734220800000,101420.0,105250.0,101237.14,104463.99,22228.921775
2024-12-16,1734307200000,104463.99,107793.07,103333.0,106058.66,41302.40274
2024-12-17,1734393600000,106058.65,108353.0,105321.49,106133.74,29064.936466
2024-12-18,1734480000000,106133.74,106524.98,100000.0,100204.01,50307.99755
2024-12-19,1734566400000,100204.01,102800.11,95700.0,97461.86,55147.398
2024-12-20,1734652800000,97461.86,98233.0,92232.54,97805.44,62884.1357
2024-12-21,1734739200000,97805.44,99540.61,96398.39,97291.99,23483.54143
2024-12-22,1734825600000,97292.0,97448.08,94250.35,95186.27,19353.83036
2024-12-23,1734912000000,95186.28,96538.92,92520.0,94881.47,32810.76703
2024-12-24,1734998400000,94881.47,99487.99,93569.02,98663.58,23674.22488
2024-12-25,1735084800000,98663.58,99569.15,97632.02,99429.6,14474.1651
2024-12-26,1735171200000,99429.61,99963.7,95199.14,95791.6,21192.36727
2024-12-27,1735257600000,95791.6,97544.58,93500.01,94299.03,26501.26429
2024-12-28,1735344000000,94299.03,95733.99,94135.66,95300.0,8385.8929
2024-12-29,1735430400000,95300.0,95340.0,93009.52,93738.2,13576.00578
2024-12-30,1735516800000,93738.19,95024.5,91530.45,92792.05,27619.4225
2024-12-31,1735603200000,92792.05,96250.0,92033.73,93576.0,19612.03389
2025-01-01,1735689600000,93576.0,95151.15,92888.0,94591.79,10373.32613
2025-01-02,1735776000000,94591.78,97839.5,94392.0,96984.79,21970.48948
2025-01-03,1735862400000,96984.79,98976.91,96100.01,98174.18,15253.82936
2025-01-04,1735948800000,98174.17,98778.43,97514.79,98220.5,8990.05651
2025-01-05,1736035200000,98220.51,98836.85,97276.79,98363.61,8095.63723
2025-01-06,1736121600000,98363.61,102480.0,97920.0,102235.6,25263.43375
2025-01-07,1736208000000,102235.6,102724.38,96181.81,96954.61,32059.87537
2025-01-08,1736294400000,96954.6,97268.65,92500.9,95060.61,33704.67894
2025-01-09,1736380800000,95060.61,95382.32,91203.67,92552.49,34544.83685
2025-01-10,1736467200000,92552.49,95836.0,92206.02,94726.11,31482.86424
2025-01-11,1736553600000,94726.1,95050.94,93831.73,94599.99,7047.9043
2025-01-12,1736640000000,94599.99,95450.1,93711.19,94545.06,8606.86622
2025-01-13,1736726400000,94545.07,95940.0,89256.69,94536.1,42619.56423
2025-01-14,1736812800000,94536.11,97371.0,94346.22,96560.86,27846.61753
2025-01-15,1736899200000,96560.85,100681.94,96500.0,100497.35,30509.99179
2025-01-16,1736985600000,100497.35,100866.66,97335.13,99987.3,27832.85317
2025-01-17,1737072000000,99987.3,105865.22,99950.77,104077.48,39171.85292
2025-01-18,1737158400000,104077.47,104988.88,102277.55,104556.23,24307.82998
2025-01-19,1737244800000,104556.23,106422.43,99651.6,101331.57,43397.28298
2025-01-20,1737331200000,101331.57,109588.0,99550.0,102260.01,89529.231732
2025-01-21,1737417600000,102260.0,107240.81,100119.04,106143.82,45941.02002
2025-01-22,1737504000000,106143.82,106394.46,103339.12,103706.66,22248.69254
2025-01-23,1737590400000,103706.66,106850.0,101262.28,103910.34,53953.12031
2025-01-24,1737676800000,103910.35,107120.0,102750.0,104870.5,23609.24017
2025-01-25,1737763200000,104870.51,105286.52,104106.09,104746.85,9068.32377
2025-01-26,1737849600000,104746.86,105500.0,102520.44,102620.0,9812.51238
2025-01-27,1737936000000,102620.01,103260.0,97777.77,102082.83,50758.1341
2025-01-28,1738022400000,102082.83,103800.0,100272.68,101335.52,22022.05765
2025-01-29,1738108800000,101335.52,104782.68,101328.01,103733.24,23155.35802
2025-01-30,1738195200000,103733.25,106457.44,103278.54,104722.94,19374.07472
2025-01-31,1738281600000,104722.94,106012.0,101560.0,102429.56,21983.18193
2025-02-01,1738368000000,102429.56,102783.71,100279.51,100635.65,12290.95747
2025-02-02,1738454400000,100635.66,101456.6,96150.0,97700.59,34619.49939
2025-02-03,1738540800000,97700.59,102500.01,91231.0,101328.52,75164.7385
2025-02-04,1738627200000,101328.51,101732.31,96150.0,97763.13,40267.98697
2025-02-05,1738713600000,97763.14,99149.0,96155.0,96612.43,26233.30444
2025-02-06,1738800000000,96612.44,99120.0,95676.64,96554.35,23515.20405
2025-02-07,1738886400000,96554.35,100137.99,95620.34,96506.8,31794.22065
2025-02-08,1738972800000,96506.8,96880.0,95688.0,96444.74,10147.24294
2025-02-09,1739059200000,96444.75,97323.09,94713.0,96462.75,14120.91613
2025-02-10,1739145600000,96462.75,98345.0,95256.0,97430.82,20572.87537
2025-02-11,1739232000000,97430.82,98478.42,94876.88,95778.2,18647.76379
2025-02-12,1739318400000,95778.21,98119.99,94088.23,97869.99,29151.16625
2025-02-13,1739404800000,97870.0,98083.91,95217.36,96608.14,19921.77616
2025-02-14,1739491200000,96608.13,98826.0,96252.82,97500.48,18173.02646
2025-02-15,1739577600000,97500.47,97972.26,97223.58,97569.66,7349.37683
2025-02-16,1739664000000,97569.67,97704.47,96046.18,96118.12,8191.4249
2025-02-17,1739750400000,96118.12,97046.59,95205.0,95780.0,16492.0451
2025-02-18,1739836800000,95780.01,96753.91,93388.09,95671.74,23368.19471
2025-02-19,1739923200000,95671.74,96899.99,95029.99,96644.37,16438.50954
2025-02-20,1740009600000,96644.37,98711.36,96415.09,98305.0,17057.39177
2025-02-21,1740096000000,98305.01,99475.0,94871.95,96181.98,32249.2814
2025-02-22,1740182400000,96181.99,96980.0,95770.49,96551.01,11268.17708
2025-02-23,1740268800000,96551.01,96650.0,95227.94,96258.0,10884.84913
2025-02-24,1740355200000,96258.0,96500.0,91349.26,91552.88,31550.10299
2025-02-25,1740441600000,91552.88,92540.69,86050.99,88680.4,78333.11111
2025-02-26,1740528000000,88680.39,89414.15,82256.01,84250.09,56893.54409
2025-02-27,1740614400000,84250.09,87078.46,82716.49,84708.58,42505.45439
2025-02-28,1740700800000,84708.57,85120.0,78258.52,84349.94,83648.03969
2025-03-01,1740787200000,84349.95,86558.0,83824.78,86064.53,25785.05464
2025-03-02,1740873600000,86064.54,95000.0,85050.6,94270.0,54889.09045
2025-03-03,1740960000000,94269.99,94416.46,85117.11,86220.61,59171.10218
2025-03-04,1741046400000,86221.16,88967.52,81500.0,87281.98,55609.10706
2025-03-05,1741132800000,87281.98,91000.0,86334.53,90606.01,38264.01163
2025-03-06,1741219200000,90606.0,92810.64,87836.0,89931.89,34342.44902
2025-03-07,1741305600000,89931.88,91283.02,84667.03,86801.75,57980.35713
2025-03-08,1741392000000,86801.74,86897.25,85218.47,86222.45,12989.23054
2025-03-09,1741478400000,86222.46,86500.0,80000.0,80734.37,26115.39345
2025-03-10,1741564800000,80734.48,84123.46,77459.91,78595.86,47633.38405
2025-03-11,1741651200000,78595.86,83617.4,76606.0,82932.99,48770.06853
2025-03-12,1741737600000,82932.99,84539.85,80607.65,83680.12,31933.986
2025-03-13,1741824000000,83680.12,84336.33,79939.9,81115.78,27546.27412
2025-03-14,1741910400000,81115.78,85309.71,80818.84,83983.2,26858.52755
2025-03-15,1741996800000,83983.19,84676.28,83618.0,84338.44,11324.7332
2025-03-16,1742083200000,84338.44,85117.04,81981.12,82574.53,17596.12531
2025-03-17,1742169600000,82574.52,84756.83,82456.0,84010.03,17214.74358
2025-03-18,1742256000000,84010.02,84021.74,81134.66,82715.03,17610.89883
2025-03-19,1742342400000,82715.03,87000.0,82547.16,86845.94,28151.05374
2025-03-20,1742428800000,86845.93,87453.67,83655.23,84223.39,22090.30463
2025-03-21,1742515200000,84223.38,84850.33,83175.25,84088.79,11956.97443
2025-03-22,1742601600000,84088.79,84539.17,83625.1,83840.59,5420.22114
2025-03-23,1742688000000,83840.59,86129.64,83809.75,86082.5,8461.97813
2025-03-24,1742774400000,86082.5,88765.43,85519.09,87498.16,30115.62111
2025-03-25,1742860800000,87498.16,88539.63,86310.0,87392.87,22643.25248
2025-03-26,1742947200000,87392.88,88275.0,85860.0,86909.17,18408.78485
2025-03-27,1743033600000,86909.17,87756.39,85800.0,87232.01,17098.03897
2025-03-28,1743120000000,87232.01,87515.67,83585.0,84424.38,27182.73169
2025-03-29,1743206400000,84424.38,84624.73,81644.81,82648.54,11696.39864
2025-03-30,1743292800000,82648.53,83534.64,81565.0,82389.99,9864.49508
2025-03-31,1743379200000,82390.0,83943.08,81278.52,82550.01,20569.13885
2025-04-01,1743465600000,82550.0,85579.46,82432.74,85158.34,20190.39697
2025-04-02,1743552000000,85158.35,88500.0,82320.0,82516.29,39931.457
2025-04-03,1743638400000,82516.28,83998.02,81211.24,83213.09,27337.84135
2025-04-04,1743724800000,83213.09,84720.0,81659.0,83889.87,32915.53976
2025-04-05,1743811200000,83889.87,84266.0,82379.95,83537.99,9360.40468
2025-04-06,1743897600000,83537.99,83817.63,77153.83,78430.0,27942.71436
2025-04-07,1743984000000,78430.0,81243.58,74508.0,79163.24,78387.53089
2025-04-08,1744070400000,79163.24,80867.99,76239.9,76322.42,35317.32063
2025-04-09,1744156800000,76322.42,83588.0,74620.0,82615.22,75488.28772
2025-04-10,1744243200000,82615.22,82753.21,78464.36,79607.3,33284.80718
2025-04-11,1744329600000,79607.3,84300.0,78969.58,83423.84,34435.43797
2025-04-12,1744416000000,83423.83,85905.0,82792.95,85276.9,18470.74437
2025-04-13,1744502400000,85276.91,86100.0,83034.23,83760.0,24680.04181
2025-04-14,1744588800000,83760.0,85799.99,83678.0,84591.58,28659.09348
2025-04-15,1744675200000,84591.58,86496.42,83600.0,83643.99,20910.99528
2025-04-16,1744761600000,83643.99,85500.0,83111.64,84030.38,20867.24519
2025-04-17,1744848000000,84030.38,85470.01,83736.26,84947.91,13728.84772
2025-04-18,1744934400000,84947.92,85132.08,84303.96,84474.69,6529.96315
2025-04-19,1745020800000,84474.7,85677.99,84364.45,85077.01,9666.58153
2025-04-20,1745107200000,85077.0,85320.76,83949.52,85179.24,8091.67725
2025-04-21,1745193600000,85179.24,88465.99,85144.76,87516.23,31773.37262
2025-04-22,1745280000000,87516.22,93888.0,87076.03,93442.99,43872.74705
2025-04-23,1745366400000,93442.99,94696.05,91935.41,93691.08,27404.16808
2025-04-24,1745452800000,93691.07,94005.0,91660.01,93980.47,19497.06071
2025-04-25,1745539200000,93980.47,95758.04,92855.96,94638.68,27500.66648
2025-04-26,1745625600000,94638.68,95199.0,93870.69,94628.0,9415.06875
2025-04-27,1745712000000,94628.0,95369.0,93602.58,93749.3,11162.841
2025-04-28,1745798400000,93749.29,95630.0,92800.01,95011.18,22157.53351
2025-04-29,1745884800000,95011.18,95461.53,93742.54,94256.82,16955.3402
2025-04-30,1745971200000,94256.82,95228.45,92910.0,94172.0,17661.2751
2025-05-01,1746057600000,94172.0,97424.02,94130.43,96489.91,21380.45343
2025-05-02,1746144000000,96489.9,97895.68,96350.0,96887.14,14905.74811
2025-05-03,1746230400000,96887.13,96935.67,95753.01,95856.42,9723.34838
2025-05-04,1746316800000,95856.42,96304.48,94151.38,94277.62,11036.38342
2025-05-05,1746403200000,94277.61,95199.0,93514.1,94733.68,17251.18189
2025-05-06,1746489600000,94733.68,96920.65,93377.0,96834.02,16122.64513
2025-05-07,1746576000000,96834.02,97732.0,95784.61,97030.5,16644.83854
2025-05-08,1746662400000,97030.5,104145.76,96876.29,103261.6,34962.02847
2025-05-09,1746748800000,103261.61,104361.3,102315.14,102971.99,27617.39907
2025-05-10,1746835200000,102971.99,104984.57,102818.76,104809.53,15324.78611
2025-05-11,1746921600000,104809.53,104972.0,103345.06,104118.0,17987.12197
2025-05-12,1747008000000,104118.0,105819.45,100718.37,102791.32,31272.77792
2025-05-13,1747094400000,102791.32,104976.25,101429.7,104103.72,21253.42409
2025-05-14,1747180800000,104103.72,104356.95,102602.05,103507.82,16452.9081
2025-05-15,1747267200000,103507.83,104192.7,101383.07,103763.71,17998.98604
2025-05-16,1747353600000,103763.71,104550.33,103100.49,103463.9,15683.88024
2025-05-17,1747440000000,103463.9,103709.86,102612.5,103126.65,11250.89622
2025-05-18,1747526400000,103126.65,106660.0,103105.09,106454.26,21599.98726
2025-05-19,1747612800000,106454.27,107108.62,102000.0,105573.74,30260.03524
2025-05-20,1747699200000,105573.73,107320.0,104184.72,106849.99,23705.48275
2025-05-21,1747785600000,106850.0,110797.38,106100.01,109643.99,45531.040345
2025-05-22,1747872000000,109643.99,111980.0,109177.37,111696.21,31630.77313
2025-05-23,1747958400000,111696.22,111800.0,106800.0,107318.3,31737.72309
2025-05-24,1748044800000,107318.3,109506.03,106875.41,107761.91,16782.53129
2025-05-25,1748131200000,107761.9,109299.99,106600.64,109004.19,17710.04695
2025-05-26,1748217600000,109004.2,110422.22,108670.58,109434.79,14649.11593
2025-05-27,1748304000000,109434.78,110718.0,107516.57,108938.17,21276.65635
2025-05-28,1748390400000,108938.17,109284.7,106769.43,107781.78,15633.78829
2025-05-29,1748476800000,107781.78,108891.91,105322.86,105589.75,19834.70116
2025-05-30,1748563200000,105589.75,106313.12,103621.0,103985.48,23706.49799
2025-05-31,1748649600000,103985.47,104900.0,103068.55,104591.88,11289.35922
2025-06-01,1748736000000,104591.88,105866.91,103752.49,105642.93,9709.70006
2025-06-02,1748822400000,105642.93,105935.63,103659.88,105857.99,13453.98813
2025-06-03,1748908800000,105858.0,106794.67,104872.5,105376.89,13259.52634
2025-06-04,1748995200000,105376.9,106000.0,104179.0,104696.86,14034.89482
2025-06-05,1749081600000,104696.86,105909.71,100372.26,101508.68,22321.50154
2025-06-06,1749168000000,101508.69,105333.0,101095.8,104288.44,15839.07385
2025-06-07,1749254400000,104288.43,105900.0,103871.09,105552.15,8344.93206
2025-06-08,1749340800000,105552.15,106488.14,104964.14,105734.0,8048.06305
2025-06-09,1749427200000,105734.01,110530.17,105318.37,110263.02,19975.37451
2025-06-10,1749513600000,110263.02,110400.0,108331.03,110274.39,17071.82839
2025-06-11,1749600000000,110274.39,110392.01,108064.0,108645.12,13115.91638
2025-06-12,1749686400000,108645.13,108813.55,105671.72,105671.73,17778.67218
2025-06-13,1749772800000,105671.74,106179.53,102664.31,106066.59,26180.81734
2025-06-14,1749859200000,106066.59,106252.0,104300.0,105414.64,8798.93969
2025-06-15,1749945600000,105414.63,106128.57,104494.53,105594.01,7164.20047
2025-06-16,1750032000000,105594.02,108952.38,104980.37,106794.53,14922.6654
2025-06-17,1750118400000,106794.53,107771.34,103371.02,104551.17,17866.33025
2025-06-18,1750204800000,104551.17,105550.27,103500.0,104886.78,13968.64167
2025-06-19,1750291200000,104886.79,105226.17,103929.27,104658.59,7678.60737
2025-06-20,1750377600000,104658.59,106524.65,102345.0,103297.99,16419.06283
2025-06-21,1750464000000,103297.98,103982.64,100837.9,102120.01,11154.21332
2025-06-22,1750550400000,102120.02,103399.62,98200.0,100963.87,28746.41072
2025-06-23,1750636800000,100963.87,106074.2,99613.33,105333.93,27666.50609
2025-06-24,1750723200000,105333.94,106290.0,104622.02,106083.0,14651.69335
2025-06-25,1750809600000,106083.0,108135.3,105808.03,107340.58,16701.15551
2025-06-26,1750896000000,107340.59,108272.45,106562.5,106947.06,10573.27279
2025-06-27,1750982400000,106947.06,107735.34,106356.76,107047.59,12232.44042
2025-06-28,1751068800000,107047.58,107577.75,106811.51,107296.79,3282.17352
2025-06-29,1751155200000,107296.79,108528.5,107172.52,108356.93,6831.7364
2025-06-30,1751241600000,108356.93,108789.99,106733.33,107146.5,9754.12491
2025-07-01,1751328000000,107146.51,107540.0,105250.85,105681.14,10505.62437
2025-07-02,1751414400000,105681.13,109730.0,105100.19,108849.6,17691.89592
2025-07-03,1751500800000,108849.59,110529.18,108530.4,109584.78,13047.08225
2025-07-04,1751587200000,109584.77,109767.59,107245.0,107984.24,11793.86615
2025-07-05,1751673600000,107984.25,108420.56,107756.31,108198.12,3736.9757
2025-07-06,1751760000000,108198.12,109700.0,107800.01,109203.84,6447.607
2025-07-07,1751846400000,109203.85,109700.0,107513.2,108262.94,9405.37601
2025-07-08,1751932800000,108262.94,109216.56,107429.57,108922.98,9216.0208
2025-07-09,1752019200000,108922.99,111999.79,108324.53,111233.99,17282.2865
2025-07-10,1752105600000,111234.0,116868.0,110500.0,116010.0,24883.450665
2025-07-11,1752192000000,116010.01,118869.98,115222.22,117527.66,25873.521148
2025-07-12,1752278400000,117527.66,118200.0,116900.05,117420.0,8446.60437
2025-07-13,1752364800000,117420.0,119488.0,117224.79,119086.64,9550.792947
2025-07-14,1752451200000,119086.65,123218.0,118905.18,119841.18,27269.348877
2025-07-15,1752537600000,119841.17,119940.83,115736.92,117758.09,32018.46083
2025-07-16,1752624000000,117758.08,120063.84,117017.29,118630.43,17039.90851
2025-07-17,1752710400000,118630.44,120998.71,117453.57,119177.56,15728.57651
2025-07-18,1752796800000,119177.56,120820.71,116812.76,117924.84,19924.66266
2025-07-19,1752883200000,117924.84,118499.9,117277.34,117840.0,6635.80306
2025-07-20,1752969600000,117840.01,118856.8,116467.02,117265.12,12962.92889
2025-07-21,1753056000000,117265.11,119676.73,116515.0,117380.36,17107.33128
2025-07-22,1753142400000,117380.36,120247.8,116128.0,119954.42,20959.12973
2025-07-23,1753228800000,119954.43,120090.0,117301.0,118755.99,14558.75083
2025-07-24,1753315200000,118756.0,119450.0,117103.1,118340.99,15806.89043
2025-07-25,1753401600000,118340.98,118451.57,114723.16,117614.31,38406.34873
2025-07-26,1753488000000,117614.31,118297.35,117138.38,117919.99,6991.67206
2025-07-27,1753574400000,117919.99,119766.65,117825.5,119415.55,9328.30919
2025-07-28,1753660800000,119415.56,119800.0,117427.5,118062.32,13961.74754
2025-07-29,1753747200000,118062.32,119273.36,116950.75,117950.76,15137.93445
2025-07-30,1753833600000,117950.75,118792.0,115796.23,117840.3,15586.73631
2025-07-31,1753920000000,117840.29,118922.45,115500.0,115764.08,17010.0073
2025-08-01,1754006400000,115764.07,116052.0,112722.58,113297.93,24487.10206
2025-08-02,1754092800000,113297.92,114063.49,112003.0,112546.35,11507.33428
2025-08-03,1754179200000,112546.35,114799.97,111920.0,114208.8,7397.76046
2025-08-04,1754265600000,114208.81,115720.0,114107.6,115055.03,9667.67916
2025-08-05,1754352000000,115055.03,115127.81,112650.0,114129.75,12042.79078
2025-08-06,1754438400000,114129.75,115716.0,113355.13,114992.27,9761.15318
2025-08-07,1754524800000,114992.27,117621.0,114259.0,117472.01,13468.56263
2025-08-08,1754611200000,117472.02,117630.0,115878.71,116674.74,10045.31278
2025-08-09,1754697600000,116674.74,117944.05,116299.13,116462.25,9514.13144
2025-08-10,1754784000000,116462.25,119311.11,116460.63,119294.01,14322.77073
2025-08-11,1754870400000,119294.27,122335.16,118050.11,118686.0,26494.33429
2025-08-12,1754956800000,118686.0,120324.43,118207.47,120134.08,16720.10893
2025-08-13,1755043200000,120134.09,123667.79,118920.92,123306.43,23210.07102
2025-08-14,1755129600000,123306.44,124474.0,117180.0,118295.09,27980.947586
2025-08-15,1755216000000,118295.09,119216.82,116803.99,117342.05,13623.33874
2025-08-16,1755302400000,117342.04,117898.99,117143.98,117380.66,6393.68117
2025-08-17,1755388800000,117380.66,118575.0,117172.21,117405.01,5898.64192
2025-08-18,1755475200000,117405.01,117543.75,114640.14,116227.05,17745.93954
2025-08-19,1755561600000,116227.05,116725.69,112732.58,112872.94,18065.47424
2025-08-20,1755648000000,112872.95,114615.38,112380.0,114271.24,15636.34194
2025-08-21,1755734400000,114271.23,114821.76,112015.67,112500.0,10839.69235
2025-08-22,1755820800000,112500.0,117429.05,111684.79,116935.99,23128.09037
2025-08-23,1755907200000,116936.0,117030.0,114560.0,115438.05,11329.36197
2025-08-24,1755993600000,115438.06,115666.68,110680.0,113493.59,21175.98462
2025-08-25,1756080000000,113493.59,113667.28,109274.1,110111.98,25182.79379
2025-08-26,1756166400000,110111.98,112371.0,108666.66,111763.22,18452.43877
2025-08-27,1756252800000,111763.22,112625.0,110345.42,111262.01,13392.60875
2025-08-28,1756339200000,111262.01,113485.9,110862.42,112566.9,11104.27744
2025-08-29,1756425600000,112566.9,112638.64,107463.9,108377.4,22580.31045
2025-08-30,1756512000000,108377.4,108926.15,107350.1,108816.33,10708.39159
2025-08-31,1756598400000,108816.33,109480.02,108076.93,108246.35,9489.51596
2025-09-01,1756684800000,108246.36,109912.4,107255.0,109237.42,16053.60219
2025-09-02,1756771200000,109237.43,111771.52,108393.39,111240.01,18510.28756
2025-09-03,1756857600000,111240.01,112575.27,110528.71,111705.71,11773.72084
2025-09-04,1756944000000,111705.72,112180.0,109329.12,110730.87,12203.13536
2025-09-05,1757030400000,110730.87,113384.62,110206.96,110659.99,21587.40888
2025-09-06,1757116800000,110660.0,111307.7,109977.0,110187.97,5000.29897
2025-09-07,1757203200000,110187.98,111600.0,110180.0,111137.34,5681.29944
2025-09-08,1757289600000,111137.35,112924.37,110621.78,112065.23,11582.40211
2025-09-09,1757376000000,112065.23,113293.29,110766.66,111546.39,15379.28248
2025-09-10,1757462400000,111546.38,114313.13,110917.45,113960.0,17517.41823
2025-09-11,1757548800000,113960.0,115488.09,113430.0,115482.69,13676.73119
2025-09-12,1757635200000,115482.69,116665.63,114740.99,116029.42,15324.10719
2025-09-13,1757721600000,116029.41,116298.78,115127.27,115918.29,8269.40394
2025-09-14,1757808000000,115918.29,116165.19,115135.0,115268.01,6707.60197
2025-09-15,1757894400000,115268.01,116757.99,114384.0,115349.71,13212.51149
2025-09-16,1757980800000,115349.71,116964.27,114737.11,116788.96,10926.9094
2025-09-17,1758067200000,116788.96,117286.73,114720.81,116447.59,16754.2454
2025-09-18,1758153600000,116447.6,117900.0,116092.76,117073.53,11657.23365
2025-09-19,1758240000000,117073.53,117459.99,115100.0,115632.38,8992.09065
2025-09-20,1758326400000,115632.39,116121.81,115408.47,115685.63,4674.92752
2025-09-21,1758412800000,115685.63,115819.06,115188.0,115232.29,4511.52219
2025-09-22,1758499200000,115232.29,115379.25,111800.0,112650.99,20781.71356
2025-09-23,1758585600000,112650.99,113290.5,111458.73,111998.8,12301.3203
2025-09-24,1758672000000,111998.8,113940.0,111042.66,113307.0,12369.25967
2025-09-25,1758758400000,113307.01,113510.23,108631.51,108994.49,21231.14957
2025-09-26,1758844800000,108994.49,110300.0,108620.07,109643.46,14243.01591
2025-09-27,1758931200000,109643.46,109743.91,109064.4,109635.85,5501.78643
2025-09-28,1759017600000,109635.85,112350.0,109189.99,112163.95,7542.3316
2025-09-29,1759104000000,112163.96,114400.0,111560.65,114311.96,15541.12005
2025-09-30,1759190400000,114311.97,114792.0,112656.27,114048.93,15044.15633
2025-10-01,1759276800000,114048.94,118649.1,113966.67,118594.99,20036.39516
2025-10-02,1759363200000,118594.99,121022.07,118279.31,120529.35,19670.83503
2025-10-03,1759449600000,120529.35,123894.99,119248.3,122232.0,23936.328
2025-10-04,1759536000000,122232.21,122800.0,121510.0,122391.0,8208.16678
2025-10-05,1759622400000,122390.99,125708.42,122136.0,123482.31,22043.097553
2025-10-06,1759708800000,123482.32,126199.63,123084.0,124658.54,19494.628793
2025-10-07,1759795200000,124658.54,125126.0,120574.94,121332.95,21633.99385
2025-10-08,1759881600000,121332.96,124197.25,121066.14,123306.0,17012.618
2025-10-09,1759968000000,123306.01,123762.94,119651.47,121662.4,21559.36007
2025-10-10,1760054400000,121662.41,122550.0,102000.0,112774.5,64171.93927
2025-10-11,1760140800000,112774.49,113322.39,109561.59,110644.4,35448.51652
2025-10-12,1760227200000,110644.4,115770.0,109565.06,114958.8,32255.30272
2025-10-13,1760313600000,114958.81,115963.81,113616.5,115166.0,22557.24033
2025-10-14,1760400000000,115166.0,115409.96,109866.0,113028.14,31870.32974
2025-10-15,1760486400000,113028.13,113612.35,110164.0,110763.28,22986.48811
2025-10-16,1760572800000,110763.28,111982.45,107427.0,108194.28,29857.17252
2025-10-17,1760659200000,108194.27,109240.0,103528.23,106431.68,37920.66838
2025-10-18,1760745600000,106431.68,107499.0,106322.2,107185.01,11123.18766
2025-10-19,1760832000000,107185.0,109450.07,106103.36,108642.78,15480.66423
2025-10-20,1760918400000,108642.77,111705.56,107402.52,110532.09,19193.4416
2025-10-21,1761004800000,110532.09,114000.0,107473.72,108297.67,37228.01659
2025-10-22,1761091200000,108297.66,109163.88,106666.69,107567.44,28610.78451
2025-10-23,1761177600000,107567.45,111293.61,107500.0,110078.18,17573.09294
2025-10-24,1761264000000,110078.19,112104.98,109700.01,111004.89,15005.16913
2025-10-25,1761350400000,111004.9,111943.19,110672.86,111646.27,6407.96864
2025-10-26,1761436800000,111646.27,115466.8,111260.45,114559.4,13454.47737
2025-10-27,1761523200000,114559.41,116400.0,113830.01,114107.65,21450.23241
2025-10-28,1761609600000,114107.65,116086.0,112211.0,112898.45,15523.42257
2025-10-29,1761696000000,112898.44,113643.73,109200.0,110021.29,21079.71376
2025-10-30,1761782400000,110021.3,111592.0,106304.34,108322.88,25988.82838
2025-10-31,1761868800000,108322.87,111190.0,108275.28,109608.01,21518.20439
2025-11-01,1761955200000,109608.01,110564.49,109394.81,110098.1,7378.50431
2025-11-02,1762041600000,110098.1,111250.01,109471.34,110540.68,12107.00087
2025-11-03,1762128000000,110540.69,110750.0,105306.56,106583.04,28681.18779
2025-11-04,1762214400000,106583.05,107299.0,98944.36,101497.22,50534.87376
2025-11-05,1762300800000,101497.23,104534.74,98966.8,103885.16,33778.77571
2025-11-06,1762387200000,103885.16,104200.0,100300.95,101346.04,25814.62139
2025-11-07,1762473600000,101346.04,104096.36,99260.86,103339.08,32059.50942
2025-11-08,1762560000000,103339.09,103406.22,101454.0,102312.94,12390.77985
2025-11-09,1762646400000,102312.95,105495.62,101400.0,104722.96,16338.97096
2025-11-10,1762732800000,104722.95,106670.11,104265.02,106011.13,22682.25673
2025-11-11,1762819200000,106011.13,107500.0,102476.09,103058.99,24196.50718
2025-11-12,1762905600000,103059.0,105333.33,100813.59,101654.37,20457.63906
2025-11-13,1762992000000,101654.37,104085.01,98000.4,99692.02,36198.50771
2025-11-14,1763078400000,99692.03,99866.02,94012.45,94594.0,47288.14481
2025-11-15,1763164800000,94594.0,96846.68,94558.49,95596.24,15110.89391
2025-11-16,1763251200000,95596.23,96635.11,93005.55,94261.44,23889.4051
2025-11-17,1763337600000,94261.45,96043.0,91220.0,92215.14,39218.59806
2025-11-18,1763424000000,92215.14,93836.01,89253.78,92960.83,39835.14769
2025-11-19,1763510400000,92960.83,92980.22,88608.0,91554.96,32286.6376
2025-11-20,1763596800000,91554.96,93160.0,86100.0,86637.23,39733.19073
2025-11-21,1763683200000,86637.22,87498.94,80600.0,85129.43,72256.12679
2025-11-22,1763769600000,85129.42,85620.0,83500.0,84739.74,14193.93263
2025-11-23,1763856000000,84739.75,88127.64,84667.57,86830.0,19734.46418
2025-11-24,1763942400000,86830.0,89228.0,85272.0,88300.01,24663.12795
2025-11-25,1764028800000,88300.01,88519.99,86116.0,87369.96,19567.0411
2025-11-26,1764115200000,87369.97,90656.08,86306.77,90484.02,21675.82239
2025-11-27,1764201600000,90484.01,91950.0,90089.91,91333.95,16833.50932
2025-11-28,1764288000000,91333.94,93092.0,90180.63,90890.7,18830.86012
2025-11-29,1764374400000,90890.71,91165.65,90155.47,90802.44,7429.88291
2025-11-30,1764460800000,90802.44,92000.01,90336.9,90360.0,9687.74175
2025-12-01,1764547200000,90360.01,90417.0,83822.76,86286.01,34509.01227
2025-12-02,1764633600000,86286.01,92307.65,86184.39,91277.88,28210.22732
2025-12-03,1764720000000,91277.88,94150.0,90990.23,93429.95,25712.52585
2025-12-04,1764806400000,93429.95,94080.0,90889.0,92078.06,19803.94059
2025-12-05,1764892800000,92078.06,92692.36,88056.0,89330.04,19792.97218
2025-12-06,1764979200000,89330.04,90289.97,88908.01,89236.79,8409.50016
2025-12-07,1765065600000,89236.8,91760.0,87719.28,90395.31,13021.11185
2025-12-08,1765152000000,90395.32,92287.15,89612.0,90634.34,15793.63887
2025-12-09,1765238400000,90634.35,94588.99,89500.0,92678.8,21240.43014
2025-12-10,1765324800000,92678.81,94476.0,91563.15,92015.37,18998.68083
2025-12-11,1765411200000,92015.38,93555.0,89260.63,92513.38,19972.58758
2025-12-12,1765497600000,92513.38,92754.0,89480.0,90268.42,16679.19169
2025-12-13,1765584000000,90268.43,90634.55,89766.39,90240.01,5895.70788
2025-12-14,1765670400000,90240.0,90472.4,87577.36,88172.17,9416.94004
2025-12-15,1765756800000,88172.16,90052.64,85146.64,86432.08,19778.6919
2025-12-16,1765843200000,86432.08,88175.98,85266.0,87863.42,18456.05017
2025-12-17,1765929600000,87863.43,90365.85,85314.0,86243.22,19834.11729
2025-12-18,1766016000000,86243.23,89477.61,84450.01,85516.41,25405.41763
2025-12-19,1766102400000,85516.41,89399.97,85110.24,88136.94,21256.65004
2025-12-20,1766188800000,88136.95,88573.07,87795.76,88360.9,5123.13194
2025-12-21,1766275200000,88360.91,89081.77,87600.04,88658.86,7132.87258
2025-12-22,1766361600000,88658.87,90588.23,87900.0,88620.79,14673.2197
2025-12-23,1766448000000,88620.79,88940.0,86601.9,87486.0,13910.32904
2025-12-24,1766534400000,87486.0,88049.89,86420.0,87669.45,9140.8432
2025-12-25,1766620800000,87669.44,88592.74,86934.72,87225.27,7096.58235
2025-12-26,1766707200000,87225.27,89567.75,86655.08,87369.56,18344.61505
2025-12-27,1766793600000,87369.56,87984.0,87253.05,87877.01,4469.55156
2025-12-28,1766880000000,87877.0,88088.75,87435.0,87952.71,4446.29285
2025-12-29,1766966400000,87952.71,90406.08,86806.5,87237.13,19894.98575
2025-12-30,1767052800000,87237.13,89400.0,86845.66,88485.49,13105.91001
2025-12-31,1767139200000,88485.5,89200.0,87250.0,87648.22,11558.62047
2026-01-01,1767225600000,87648.21,88919.45,87550.43,88839.04,6279.57133
2026-01-02,1767312000000,88839.05,90961.81,88379.88,89995.13,17396.97301
2026-01-03,1767398400000,89995.14,90741.16,89314.01,90628.01,7057.46716
2026-01-04,1767484800000,90628.01,91810.0,90628.0,91529.73,10426.5297
2026-01-05,1767571200000,91529.74,94789.08,91514.81,93859.71,20673.59584
2026-01-06,1767657600000,93859.71,94444.44,91262.94,93747.97,18546.41829
2026-01-07,1767744000000,93747.97,93747.97,90675.52,91364.16,14276.49025
2026-01-08,1767830400000,91364.16,91687.99,89311.0,91099.99,16132.79117
2026-01-09,1767916800000,91100.0,92082.55,89694.66,90641.28,15590.27939
2026-01-10,1768003200000,90641.27,90832.0,90404.0,90504.7,3104.11722
2026-01-11,1768089600000,90504.7,91283.89,90236.0,91013.65,5477.13594
2026-01-12,1768176000000,91013.66,92519.95,90128.44,91296.2,16188.08268
2026-01-13,1768262400000,91296.2,96495.0,91042.66,95414.0,23021.51482
2026-01-14,1768348800000,95413.99,97924.49,94559.28,96951.78,22851.89428
2026-01-15,1768435200000,96951.78,97193.34,95134.48,95604.8,21725.81369
2026-01-16,1768521600000,95604.81,95871.47,94293.46,95550.94,11167.7146
2026-01-17,1768608000000,95550.94,95639.45,95021.67,95147.77,4280.80137
2026-01-18,1768694400000,95147.77,95531.12,93615.4,93673.14,6895.17819
2026-01-19,1768780800000,93673.14,93673.14,91910.2,92631.0,14295.52747
2026-01-20,1768867200000,92630.99,92870.0,87895.98,88427.66,22007.3261
2026-01-21,1768953600000,88427.66,90574.0,87263.53,89454.73,20617.50372
2026-01-22,1769040000000,89454.73,90359.99,88515.37,89559.67,10825.50492
2026-01-23,1769126400000,89559.68,91224.99,88578.36,89600.26,13918.48919
2026-01-24,1769212800000,89600.26,89957.39,89162.08,89225.34,4226.56737
2026-01-25,1769299200000,89225.34,89319.13,86074.72,86670.36,14426.22019
2026-01-26,1769385600000,86670.36,88860.0,86509.63,88347.08,17766.51453
2026-01-27,1769472000000,88347.08,89523.16,87304.33,89250.0,13125.40425
2026-01-28,1769558400000,89249.99,90600.0,88833.65,89299.99,14332.18502
2026-01-29,1769644800000,89300.0,89348.0,83383.33,84650.16,30431.38201
2026-01-30,1769731200000,84650.16,84735.75,81118.0,84260.49,35195.84793
2026-01-31,1769817600000,84260.5,84270.02,75719.9,78741.09,39491.89133
2026-02-01,1769904000000,78741.1,79424.0,75700.0,76968.21,25395.48168
2026-02-02,1769990400000,76968.22,79360.0,74604.0,78738.61,42273.59016
2026-02-03,1770076800000,78738.6,79186.81,72945.5,75770.21,39120.10889
2026-02-04,1770163200000,75770.21,76971.52,71888.0,73165.83,38375.36
2026-02-05,1770249600000,73165.84,73341.18,62345.0,62909.86,106298.82899
2026-02-06,1770336000000,62909.87,71751.33,60000.0,70580.26,92539.21531
2026-02-07,1770422400000,70580.26,71690.07,67300.0,69289.38,44255.48036
2026-02-08,1770508800000,69289.37,72271.41,68888.0,70330.38,21420.53168
2026-02-09,1770595200000,70330.38,71453.53,68308.0,70138.0,29152.72842
2026-02-10,1770681600000,70138.0,70527.59,67800.0,68841.29,20373.77072
2026-02-11,1770768000000,68841.28,69292.88,65756.0,67082.52,28718.24602
2026-02-12,1770854400000,67082.52,68410.52,65118.0,66272.17,24271.74283
2026-02-13,1770940800000,66272.17,69482.97,65872.46,68853.96,20244.54955
2026-02-14,1771027200000,68853.97,70560.01,68730.13,69822.95,18114.78393
2026-02-15,1771113600000,69822.94,70983.0,68000.0,68832.58,22290.05208
2026-02-16,1771200000000,68832.59,70126.67,67294.11,68892.43,15515.76534
2026-02-17,1771286400000,68892.43,69241.5,66621.06,67503.52,16489.06921
2026-02-18,1771372800000,67503.52,68476.22,65870.0,66461.0,15492.43839
2026-02-19,1771459200000,66461.0,67320.0,65631.83,67003.73,14542.26988
2026-02-20,1771545600000,67003.73,68318.39,66280.2,68020.01,35351.87091
2026-02-21,1771632000000,68020.0,68698.7,67534.69,67975.93,8032.84131
2026-02-22,1771718400000,67975.93,68245.0,67190.0,67643.4,8175.13484
2026-02-23,1771804800000,67643.39,67684.86,63888.79,64656.02,33075.90923
2026-02-24,1771891200000,64656.01,65026.75,62510.28,64058.15,23102.83622
2026-02-25,1771977600000,64058.15,69988.83,63913.27,67988.04,30749.99259
2026-02-26,1772064000000,67988.04,68860.0,66500.0,67485.18,20737.77792
2026-02-27,1772150400000,67485.19,68216.8,64914.46,65872.1,21228.58424
2026-02-28,1772236800000,65872.09,67760.0,63030.0,66973.26,22548.71649
2026-03-01,1772323200000,66973.26,68199.99,65056.0,65776.47,23201.85859
2026-03-02,1772409600000,65776.48,70096.0,65259.21,68830.06,32010.38431
2026-03-03,1772496000000,68830.06,69258.08,66158.0,68338.0,24972.2418
2026-03-04,1772582400000,68338.01,74050.0,67400.0,72666.77,44919.0761
2026-03-05,1772668800000,72666.77,73558.15,70645.47,70890.72,26590.51253
2026-03-06,1772755200000,70891.02,71419.98,67744.78,68114.02,22629.88722
2026-03-07,1772841600000,68114.02,68551.04,66915.26,67262.91,12719.54315
2026-03-08,1772928000000,67262.91,68200.0,65618.49,65971.2,21593.63901
2026-03-09,1773014400000,65971.2,69516.65,65821.97,68432.16,28896.7213
2026-03-10,1773100800000,68432.16,71777.0,68391.41,69948.63,32602.57726
2026-03-11,1773187200000,69948.64,71321.0,68977.91,70191.86,27249.27542
2026-03-12,1773273600000,70191.86,70800.0,69205.91,70541.34,21997.1605
2026-03-13,1773360000000,70541.34,73913.74,70386.01,70930.0,35996.61678
2026-03-14,1773446400000,70930.01,71307.92,70317.0,71211.95,13017.24737
2026-03-15,1773532800000,71211.95,73199.0,70858.82,72815.24,14037.30704
2026-03-16,1773619200000,72815.25,74909.08,72270.41,74884.67,28409.53019
2026-03-17,1773705600000,74884.67,76000.0,73399.19,73909.36,24521.26636
2026-03-18,1773792000000,73909.37,74672.34,70500.0,71246.54,23392.88093
2026-03-19,1773878400000,71246.55,71613.79,68793.35,69930.0,22364.81819
2026-03-20,1773964800000,69930.01,71367.0,69388.0,70510.73,18121.16745
2026-03-21,1774051200000,70510.73,71100.94,68571.42,68918.12,13397.1675
2026-03-22,1774137600000,68918.12,69588.79,67360.66,67859.0,14843.78682
2026-03-23,1774224000000,67859.0,71817.09,67445.18,70906.45,28335.09119
2026-03-24,1774310400000,70906.45,71400.0,68923.07,70556.74,20702.42244
2026-03-25,1774396800000,70556.74,72026.09,70408.0,71336.53,17719.50066
2026-03-26,1774483200000,71336.53,71436.82,68153.0,68820.31,20820.45768
2026-03-27,1774569600000,68820.31,69179.05,65548.25,66407.28,28603.69557
2026-03-28,1774656000000,66407.28,67288.94,65932.09,66377.03,11462.39847
2026-03-29,1774742400000,66377.04,67130.5,65000.0,66010.93,10052.85584
2026-03-30,1774828800000,66010.93,68169.65,65800.59,66797.37,18353.38975
2026-03-31,1774915200000,66797.38,68589.49,65998.05,68284.48,22105.40662
2026-04-01,1775001600000,68284.49,69310.0,67578.75,68113.92,19020.1899
2026-04-02,1775088000000,68113.92,68653.38,65712.12,66901.99,20203.47916
2026-04-03,1775174400000,66901.99,67370.42,66282.0,66964.3,11429.13131
2026-04-04,1775260800000,66964.29,67562.93,66775.91,67300.42,7373.51613
2026-04-05,1775347200000,67300.42,69136.2,66611.66,69034.18,11733.46752
2026-04-06,1775433600000,69034.18,70351.46,68300.0,68853.66,20281.61044
2026-04-07,1775520000000,68853.66,72761.0,67732.01,71924.22,23750.49661
2026-04-08,1775606400000,71924.22,72857.0,70707.23,71069.93,19802.68627
2026-04-09,1775692800000,71069.93,73145.0,70466.0,71787.97,18158.42159
2026-04-10,1775779200000,71787.98,73434.0,71426.15,72962.7,17372.63288
2026-04-11,1775865600000,72962.71,73790.0,72513.09,73043.16,9070.94374
2026-04-12,1775952000000,73043.16,73137.24,70505.88,70740.98,13472.46801
2026-04-13,1776038400000,70741.56,74900.0,70566.99,74417.99,24230.21625
2026-04-14,1776124800000,74418.0,76038.0,73795.47,74131.55,26532.94456
2026-04-15,1776211200000,74131.55,75425.0,73514.0,74809.99,14425.04167
2026-04-16,1776297600000,74809.99,75534.76,73309.85,75154.29,17088.68777
2026-04-17,1776384000000,75154.28,78333.0,74529.4,77072.0,25941.36694
2026-04-18,1776470400000,77072.01,77420.08,75445.16,75691.76,9141.84456
2026-04-19,1776556800000,75691.76,76240.66,73762.9,73801.79,11369.82232
2026-04-20,1776643200000,73801.8,76558.62,73724.31,75840.97,16993.41034
2026-04-21,1776729600000,75840.97,76927.57,74821.57,76336.15,14912.57132
2026-04-22,1776816000000,76336.14,79472.82,76132.95,78178.23,19737.51225
2026-04-23,1776902400000,78178.22,78662.5,76960.0,78257.48,16970.79501
2026-04-24,1776988800000,78257.48,78581.93,77264.08,77437.13,12675.14315
2026-04-25,1777075200000,77437.13,77885.35,77140.23,77625.0,5685.1142
2026-04-26,1777161600000,77625.0,78961.0,77326.51,78657.55,7963.56162
2026-04-27,1777248000000,78657.55,79485.66,76459.64,77371.32,16046.92418
2026-04-28,1777334400000,77371.32,77478.0,75666.6,76342.77,13210.72383
2026-04-29,1777420800000,76342.78,77904.93,74937.52,75780.0,18279.93022
2026-04-30,1777507200000,75780.0,76669.14,75323.65,76346.57,10381.81607
2026-05-01,1777593600000,76346.58,78914.12,76320.42,78231.13,17315.46502
2026-05-02,1777680000000,78231.13,79199.48,78040.0,78686.85,6150.87642
2026-05-03,1777766400000,78686.84,79447.0,78084.08,78568.57,7425.7929
2026-05-04,1777852800000,78568.58,80776.99,78202.0,79861.01,26042.96135
2026-05-05,1777939200000,79861.01,81791.48,79808.72,80905.52,16947.17995
2026-05-06,1778025600000,80905.53,82850.0,80731.14,81447.01,18798.77396
2026-05-07,1778112000000,81447.01,81708.32,79500.0,80006.0,16154.80338
2026-05-08,1778198400000,80006.0,80500.0,79181.48,80193.17,16001.31009
2026-05-09,1778284800000,80193.18,81080.0,80129.85,80678.4,7548.42177
2026-05-10,1778371200000,80678.41,82479.32,80279.77,82210.07,12034.31882
2026-05-11,1778457600000,82210.07,82380.0,80462.97,81745.65,12951.76056
2026-05-12,1778544000000,81745.66,81788.0,79843.59,80504.47,12386.25676
2026-05-13,1778630400000,80504.47,81324.64,78754.65,79313.61,14810.05643
2026-05-14,1778716800000,79313.61,82048.13,78922.0,81089.99,19727.86807
2026-05-15,1778803200000,81090.0,81664.45,78659.0,79113.21,17351.27079
2026-05-16,1778889600000,79113.2,79227.77,77640.0,78148.05,12132.86192
2026-05-17,1778976000000,78148.05,78599.99,76735.16,77457.67,8442.7022
2026-05-18,1779062400000,77457.67,77800.0,76051.0,77001.87,18745.51678
2026-05-19,1779148800000,77001.88,77414.62,76144.71,76834.36,11024.85978
2026-05-20,1779235200000,76834.36,77853.04,76516.74,77552.23,11296.26307
2026-05-21,1779321600000,77552.24,78200.0,76719.47,77615.52,11318.25841
2026-05-22,1779408000000,77615.52,77900.0,75359.18,75539.5,11272.36134
2026-05-23,1779494400000,75539.5,77404.18,74289.6,76752.01,15086.88814
2026-05-24,1779580800000,76752.0,77543.15,76108.0,77064.96,8398.00156
2026-05-25,1779667200000,77064.96,77905.52,76914.25,77322.01,7672.32197
2026-05-26,1779753600000,77322.01,78080.0,75677.97,75930.01,16953.47629
2026-05-27,1779840000000,75930.01,76174.15,74243.99,74449.3,16877.77483
2026-05-28,1779926400000,74449.31,74590.77,72582.82,73617.51,21274.02026
2026-05-29,1780012800000,73617.52,74514.1,72512.49,73460.78,18686.74141
2026-05-30,1780099200000,73460.78,74143.76,73216.0,73884.38,7515.40909
2026-05-31,1780185600000,73884.38,74275.66,73400.0,73674.39,6986.45707
2026-06-01,1780272000000,73674.39,74092.0,70686.68,71408.9,23921.09184
2026-06-02,1780358400000,71408.9,71408.9,66193.0,66760.83,32858.19586
2026-06-03,1780444800000,66760.84,67516.0,64092.49,64142.75,30138.3065
2026-06-04,1780531200000,64142.75,64764.32,61383.56,63885.99,43577.17571
2026-06-05,1780617600000,63885.99,63978.0,59130.91,61056.47,55027.28807
2026-06-06,1780704000000,61056.47,61530.05,59500.0,60884.62,19795.58877
2026-06-07,1780790400000,60884.62,64234.68,60746.0,63332.01,26612.10443
2026-06-08,1780876800000,63332.01,64200.0,62408.0,63085.99,23053.38624
2026-06-09,1780963200000,63086.0,63526.01,60780.0,61730.0,21636.21959
2026-06-10,1781049600000,61730.0,62857.99,60755.0,61510.99,15998.71652
2026-06-11,1781136000000,61510.99,63933.02,61510.99,63625.99,17380.94642
2026-06-12,1781222400000,63626.0,64394.44,62829.81,63580.01,16397.0524
2026-06-13,1781308800000,63580.0,64762.77,63418.66,64458.01,9960.74163
2026-06-14,1781395200000,64458.01,65800.0,63678.83,65746.45,13203.03375
2026-06-15,1781481600000,65746.45,67292.15,65354.0,66328.74,18559.80102
2026-06-16,1781568000000,66328.74,66992.0,65360.92,65675.01,14302.05801
2026-06-17,1781654400000,65675.02,66445.93,63915.77,64509.4,19048.65409
2026-06-18,1781740800000,64509.4,64806.0,62272.07,62958.01,16935.59661
2026-06-19,1781827200000,62958.01,63666.0,62316.44,63543.91,14247.424
2026-06-20,1781913600000,63543.9,64388.0,63184.21,64298.01,9522.10324
2026-06-21,1782000000000,64298.01,64588.0,63270.0,63311.99,8034.66333
2026-06-22,1782086400000,63312.0,65622.83,63312.0,64020.01,15423.10851
2026-06-23,1782172800000,64020.01,64275.38,61938.0,62734.57,20222.99292
2026-06-24,1782259200000,62734.57,63239.06,59102.7,61077.99,30678.28543
2026-06-25,1782345600000,61078.0,61962.4,58115.01,59794.0,30386.00694
2026-06-26,1782432000000,59794.64,60759.99,58337.0,60097.27,27403.55723
2026-06-27,1782518400000,60097.27,60941.17,59855.16,60029.0,9587.22916
2026-06-28,1782604800000,60029.01,60545.01,58905.0,59577.01,8907.13796
2026-06-29,1782691200000,59577.01,60780.57,58900.01,60260.21,20203.14178
2026-06-30,1782777600000,60260.2,60276.54,58201.0,58624.71,19639.82787
2026-07-01,1782864000000,58624.71,61334.0,57800.19,60024.0,25093.44662
2026-07-02,1782950400000,60024.0,62200.0,59588.0,61560.0,21382.14163
2026-07-03,1783036800000,61560.0,62979.86,61248.86,62583.26,14048.98627
2026-07-04,1783123200000,62583.26,63461.99,62328.24,63144.01,9139.8274
2026-07-05,1783209600000,63144.01,63999.0,62436.59,63650.0,9172.07758
2026-07-06,1783296000000,63650.01,64700.0,61306.84,64042.02,21435.28437
2026-07-07,1783382400000,64042.93,64314.0,62671.39,63363.99,16834.20823
2026-07-08,1783468800000,63364.0,63761.99,61544.56,62290.0,18620.09796
2026-07-09,1783555200000,62290.01,63500.0,61705.29,63230.0,16742.80672
2026-07-10,1783641600000,63230.01,64692.83,62926.01,64161.72,17589.00122
2026-07-11,1783728000000,64161.72,64504.11,63819.0,63819.0,9151.97432
2026-07-12,1783814400000,63819.01,64290.11,63640.83,63780.0,13914.83703
2026-07-13,1783900800000,63780.0,64425.0,61824.97,62334.52,21682.50204
2026-07-14,1783987200000,62334.52,65100.0,62272.2,65043.98,20552.41384
2026-07-15,1784073600000,65043.99,65600.0,64485.0,64756.28,18401.89741
2026-07-16,1784160000000,64756.28,64997.52,63748.74,63830.2,18764.52679
2026-07-17,1784246400000,63830.2,64387.99,62537.56,63931.67,18189.89389
2026-07-18,1784332800000,63931.67,64274.47,63886.65,64105.24,4670.55079
